;VALOR;VALOR;VALOR;VALOR;VALOR;VALOR;VALOR;VALOR;VALOR;VALOR;VALOR;VALOR;VALOR;VALOR;VALOR;VALOR;VALOR;VALOR;VALOR;VALOR;VALOR;VALOR;VALOR;VALOR;VALOR;VALOR;VALOR;VALOR;VALOR;VALOR;VALOR;VALOR;VALOR
CONTA;Custo de Bens e/ou Serviços Vendidos;Deduções da Receita Bruta;Despesas;Despesas Com Vendas;Despesas Financeiras;Despesas Gerais e Administrativas;Despesas Tributárias;Despesas da Intermediação Financeira;Despesas de Pessoal;Financeiras;IR Diferido;Lucro/Prejuízo do Período;Outras Despesas Administrativas;Outras Despesas Operacionais;Outras Despesas/Receitas Operacionais;Outras Receitas Operacionais;Part. de Acionistas Não Controladores;Participações/Contribuições Estatutárias;Perdas pela Não Recuperabilidade de Ativos ;Provisão para IR e Contribuição Social;Receita Bruta de Vendas e/ou Serviços;Receita Líquida de Vendas e/ou Serviços;Receitas;Receitas Financeiras;Receitas da Intermediação Financeira;Receitas de Prestação de Serviços;Resultado Antes Tributação/Participações;Resultado Bruto;Resultado Bruto Intermediação Financeira;Resultado Não Operacional;Resultado Operacional;Resultado da Equivalência Patrimonial;Reversão dos Juros sobre Capital Próprio
Unnamed: 0;;;;;;;;;;;;;;;;;;;;;;;;;;;;;;;;;
0;;;;;;;;;;;;;;;;;;;;;;;;;814,726;;;;;;;;
1;;;;;;;;-662,264;;;;;;;;;;;;;;;;;;;;;;;;;
2;;;;;;;;;;;;;;;;;;;;;;;;;;;;;152,462;;;;
3;;;;;;;;;;;;;;;-28,155;;;;;;;;;;;;;;;;;;
4;;;;;;;;;;;;;;;;;;;;;;;;;;83,697;;;;;;;
5;;;;;;;;;-53,46;;;;;;;;;;;;;;;;;;;;;;;;
6;;;;;;;;;;;;;-28,278;;;;;;;;;;;;;;;;;;;;
7;;;;;;;-16,255;;;;;;;;;;;;;;;;;;;;;;;;;;
8;;;;;;;;;;;;;;;;-37,284;;;;;;;;;;;;;;;;;
9;;;;;;;;;;;;;;21,158;;;;;;;;;;;;;;;;;;;
10;;;;;;;;;;;;;;;;;;;;;;;;;;;;;;;;2,267;
11;;;;;;;;;;;;;;;;;;;;;;;;;;;;;;;124,307;;
12;;;;;;;;;;;;;;;;;;;;;;;;;;;;;;-8,127;;;
13;;;;;;;;;;;;;;;;;;;;;;;-13,887;;;;;;;;;;
14;;;42,656;;;;;;;;;;;;;;;;;;;;;;;;;;;;;;
15;;;;;;;;;;;;;;;;;;;;;;;;;;;116,18;;;;;;
16;;;;;;;;;;;;;;;;;;;;27,27;;;;;;;;;;;;;
17;;;;;;;;;;;0;;;;;;;;;;;;;;;;;;;;;;
18;;;;;;;;;;;;;;;;;;-32,845;;;;;;;;;;;;;;;
19;;;;;;;;;;;;;;;;;;;;;;;;;;;;;;;;;0
20;;;;;;;;;;;;;;;;;0;;;;;;;;;;;;;;;;
21;;;;;;;;;;;;110,605;;;;;;;;;;;;;;;;;;;;;
22;;;;;;;;;;;;;;;;;;;;;;;;;372,964;;;;;;;;
23;;;;;;;;-178,605;;;;;;;;;;;;;;;;;;;;;;;;;
24;;;;;;;;;;;;;;;;;;;;;;;;;;;;;194,359;;;;
25;;;;;;;;;;;;;;;-12,163;;;;;;;;;;;;;;;;;;
26;;;;;;;;;;;;;;;;;;;;;;;;;;71,181;;;;;;;
27;;;;;;;;;-48,82;;;;;;;;;;;;;;;;;;;;;;;;
28;;;;;;;;;;;;;-25,633;;;;;;;;;;;;;;;;;;;;
29;;;;;;;-21,495;;;;;;;;;;;;;;;;;;;;;;;;;;
30;;;;;;;;;;;;;;;;10,915;;;;;;;;;;;;;;;;;
31;;;;;;;;;;;;;;-1,1;;;;;;;;;;;;;;;;;;;
32;;;;;;;;;;;;;;;;;;;;;;;;;;;;;;;;2,789;
33;;;;;;;;;;;;;;;;;;;;;;;;;;;;;;;182,196;;
34;;;;;;;;;;;;;;;;;;;;;;;;;;;;;;-10,582;;;
35;;;;;;;;;;;;;;;;;;;;;;;9,784;;;;;;;;;;
36;;;-20,366;;;;;;;;;;;;;;;;;;;;;;;;;;;;;;
37;;;;;;;;;;;;;;;;;;;;;;;;;;;171,614;;;;;;
38;;;;;;;;;;;;;;;;;;;;-35,01;;;;;;;;;;;;;
39;;;;;;;;;;;0;;;;;;;;;;;;;;;;;;;;;;
40;;;;;;;;;;;;;;;;;;-32,47;;;;;;;;;;;;;;;
41;;;;;;;;;;;;;;;;;;;;;;;;;;;;;;;;;0
42;;;;;;;;;;;;;;;;;0;;;;;;;;;;;;;;;;
43;;;;;;;;;;;;104,134;;;;;;;;;;;;;;;;;;;;;
44;;;;;;;;;;;;;;;;;;;;;;;;;737,823;;;;;;;;
45;;;;;;;;-647,028;;;;;;;;;;;;;;;;;;;;;;;;;
46;;;;;;;;;;;;;;;;;;;;;;;;;;;;;90,795;;;;
47;;;;;;;;;;;;;;;31,114;;;;;;;;;;;;;;;;;;
48;;;;;;;;;;;;;;;;;;;;;;;;;;75,695;;;;;;;
49;;;;;;;;;-51,21;;;;;;;;;;;;;;;;;;;;;;;;
50;;;;;;;;;;;;;-26,683;;;;;;;;;;;;;;;;;;;;
51;;;;;;;-13,972;;;;;;;;;;;;;;;;;;;;;;;;;;
52;;;;;;;;;;;;;;;;48,584;;;;;;;;;;;;;;;;;
53;;;;;;;;;;;;;;-4,363;;;;;;;;;;;;;;;;;;;
54;;;;;;;;;;;;;;;;;;;;;;;;;;;;;;;;3,063;
55;;;;;;;;;;;;;;;;;;;;;;;;;;;;;;;121,909;;
56;;;;;;;;;;;;;;;;;;;;;;;;;;;;;;-10,493;;;
57;;;;;;;;;;;;;;;;;;;;;;;1,387;;;;;;;;;;
58;;;-11,88;;;;;;;;;;;;;;;;;;;;;;;;;;;;;;
59;;;;;;;;;;;;;;;;;;;;;;;;;;;111,416;;;;;;
60;;;;;;;;;;;;;;;;;;;;25,197;;;;;;;;;;;;;
61;;;;;;;;;;;0;;;;;;;;;;;;;;;;;;;;;;
62;;;;;;;;;;;;;;;;;;-29,474;;;;;;;;;;;;;;;
63;;;;;;;;;;;;;;;;;;;;;;;;;;;;;;;;;0
64;;;;;;;;;;;;;;;;;0;;;;;;;;;;;;;;;;
65;;;;;;;;;;;;107,139;;;;;;;;;;;;;;;;;;;;;
66;;;;;;;;;;;;;;;;;;;;;;;;;575,226;;;;;;;;
67;;;;;;;;-373,082;;;;;;;;;;;;;;;;;;;;;;;;;
68;;;;;;;;;;;;;;;;;;;;;;;;;;;;;202,144;;;;
69;;;;;;;;;;;;;;;-37,519;;;;;;;;;;;;;;;;;;
70;;;;;;;;;;;;;;;;;;;;;;;;;;76,333;;;;;;;
71;;;;;;;;;-48,377;;;;;;;;;;;;;;;;;;;;;;;;
72;;;;;;;;;;;;;-25,731;;;;;;;;;;;;;;;;;;;;
73;;;;;;;-18,848;;;;;;;;;;;;;;;;;;;;;;;;;;
74;;;;;;;;;;;;;;;;7,682;;;;;;;;;;;;;;;;;
75;;;;;;;;;;;;;;-31,945;;;;;;;;;;;;;;;;;;;
76;;;;;;;;;;;;;;;;;;;;;;;;;;;;;;;;3,367;
77;;;;;;;;;;;;;;;;;;;;;;;;;;;;;;;164,625;;
78;;;;;;;;;;;;;;;;;;;;;;;;;;;;;;-7,694;;;
79;;;;;;;;;;;;;;;;;;;;;;;2,716;;;;;;;;;;
80;;;-10,41;;;;;;;;;;;;;;;;;;;;;;;;;;;;;;
81;;;;;;;;;;;;;;;;;;;;;;;;;;;156,931;;;;;;
82;;;;;;;;;;;;;;;;;;;;-29,966;;;;;;;;;;;;;
83;;;;;;;;;;;0;;;;;;;;;;;;;;;;;;;;;;
84;;;;;;;;;;;;;;;;;;-30,11;;;;;;;;;;;;;;;
85;;;;;;;;;;;;;;;;;;;;;;;;;;;;;;;;;0
86;;;;;;;;;;;;;;;;;0;;;;;;;;;;;;;;;;
87;;;;;;;;;;;;96,855;;;;;;;;;;;;;;;;;;;;;
88;;;;;;;;;;;;;;;;;;;;;;;;;664,776;;;;;;;;
89;;;;;;;;-496,192;;;;;;;;;;;;;;;;;;;;;;;;;
90;;;;;;;;;;;;;;;;;;;;;;;;;;;;;168,584;;;;
91;;;;;;;;;;;;;;;-29,257;;;;;;;;;;;;;;;;;;
92;;;;;;;;;;;;;;;;;;;;;;;;;;69,537;;;;;;;
93;;;;;;;;;-49,224;;;;;;;;;;;;;;;;;;;;;;;;
94;;;;;;;;;;;;;-28,938;;;;;;;;;;;;;;;;;;;;
95;;;;;;;-22,668;;;;;;;;;;;;;;;;;;;;;;;;;;
96;;;;;;;;;;;;;;;;-9,011;;;;;;;;;;;;;;;;;
97;;;;;;;;;;;;;;7,426;;;;;;;;;;;;;;;;;;;
98;;;;;;;;;;;;;;;;;;;;;;;;;;;;;;;;3,621;
99;;;;;;;;;;;;;;;;;;;;;;;;;;;;;;;139,327;;
100;;;;;;;;;;;;;;;;;;;;;;;;;;;;;;-2,539;;;
101;;;;;;;;;;;;;;;;;;;;;;;-2,35;;;;;;;;;;
102;;;12,046;;;;;;;;;;;;;;;;;;;;;;;;;;;;;;
103;;;;;;;;;;;;;;;;;;;;;;;;;;;136,788;;;;;;
104;;;;;;;;;;;;;;;;;;;;1,996;;;;;;;;;;;;;
105;;;;;;;;;;;0;;;;;;;;;;;;;;;;;;;;;;
106;;;;;;;;;;;;;;;;;;-30,259;;;;;;;;;;;;;;;
107;;;;;;;;;;;;;;;;;;;;;;;;;;;;;;;;;0
108;;;;;;;;;;;;;;;;;0;;;;;;;;;;;;;;;;
109;;;;;;;;;;;;108,525;;;;;;;;;;;;;;;;;;;;;
110;;;;;;;;;;;;;;;;;;;;;;;;;700,031;;;;;;;;
111;;;;;;;;-550,964;;;;;;;;;;;;;;;;;;;;;;;;;
112;;;;;;;;;;;;;;;;;;;;;;;;;;;;;149,067;;;;
113;;;;;;;;;;;;;;;-13,219;;;;;;;;;;;;;;;;;;
114;;;;;;;;;;;;;;;;;;;;;;;;;;66,005;;;;;;;
115;;;;;;;;;-45,261;;;;;;;;;;;;;;;;;;;;;;;;
116;;;;;;;;;;;;;-25,992;;;;;;;;;;;;;;;;;;;;
117;;;;;;;-12,855;;;;;;;;;;;;;;;;;;;;;;;;;;
118;;;;;;;;;;;;;;;;14,712;;;;;;;;;;;;;;;;;
119;;;;;;;;;;;;;;-13,568;;;;;;;;;;;;;;;;;;;
120;;;;;;;;;;;;;;;;;;;;;;;;;;;;;;;;3,74;
121;;;;;;;;;;;;;;;;;;;;;;;;;;;;;;;135,848;;
122;;;;;;;;;;;;;;;;;;;;;;;;;;;;;;-1,51;;;
123;;;;;;;;;;;;;;;;;;;;;;;248;;;;;;;;;;
124;;;-1,758;;;;;;;;;;;;;;;;;;;;;;;;;;;;;;
125;;;;;;;;;;;;;;;;;;;;;;;;;;;134,338;;;;;;
126;;;;;;;;;;;;;;;;;;;;-6,577;;;;;;;;;;;;;
127;;;;;;;;;;;0;;;;;;;;;;;;;;;;;;;;;;
128;;;;;;;;;;;;;;;;;;-24,974;;;;;;;;;;;;;;;
129;;;;;;;;;;;;;;;;;;;;;;;;;;;;;;;;;0
130;;;;;;;;;;;;;;;;;0;;;;;;;;;;;;;;;;
131;;;;;;;;;;;;102,787;;;;;;;;;;;;;;;;;;;;;
132;;;;;;;;;;;;;;;;;;;;;;;;;285,921;;;;;;;;
133;;;;;;;;67,595;;;;;;;;;;;;;;;;;;;;;;;;;
134;;;;;;;;;;;;;;;;;;;;;;;;;;;;;353,516;;;;
135;;;;;;;;;;;;;;;-125,498;;;;;;;;;;;;;;;;;;
136;;;;;;;;;;;;;;;;;;;;;;;;;;64,914;;;;;;;
137;;;;;;;;;-43,989;;;;;;;;;;;;;;;;;;;;;;;;
138;;;;;;;;;;;;;-25,468;;;;;;;;;;;;;;;;;;;;
139;;;;;;;-14,38;;;;;;;;;;;;;;;;;;;;;;;;;;
140;;;;;;;;;;;;;;;;3,694;;;;;;;;;;;;;;;;;
141;;;;;;;;;;;;;;-113,743;;;;;;;;;;;;;;;;;;;
142;;;;;;;;;;;;;;;;;;;;;;;;;;;;;;;;3,474;
143;;;;;;;;;;;;;;;;;;;;;;;;;;;;;;;228,018;;
144;;;;;;;;;;;;;;;;;;;;;;;;;;;;;;-306;;;
145;;;;;;;;;;;;;;;;;;;;;;;929;;;;;;;;;;
146;;;-1,235;;;;;;;;;;;;;;;;;;;;;;;;;;;;;;
147;;;;;;;;;;;;;;;;;;;;;;;;;;;227,712;;;;;;
148;;;;;;;;;;;;;;;;;;;;-96,95;;;;;;;;;;;;;
149;;;;;;;;;;;0;;;;;;;;;;;;;;;;;;;;;;
150;;;;;;;;;;;;;;;;;;-26,666;;;;;;;;;;;;;;;
151;;;;;;;;;;;;;;;;;;;;;;;;;;;;;;;;;0
152;;;;;;;;;;;;;;;;;0;;;;;;;;;;;;;;;;
153;;;;;;;;;;;;104,096;;;;;;;;;;;;;;;;;;;;;
154;;;;;;;;;;;;;;;;;;;;;;;;;353,955;;;;;;;;
155;;;;;;;;-20,709;;;;;;;;;;;;;;;;;;;;;;;;;
156;;;;;;;;;;;;;;;;;;;;;;;;;;;;;333,246;;;;
157;;;;;;;;;;;;;;;-119,158;;;;;;;;;;;;;;;;;;
158;;;;;;;;;;;;;;;;;;;;;;;;;;56,107;;;;;;;
159;;;;;;;;;-53,14;;;;;;;;;;;;;;;;;;;;;;;;
160;;;;;;;;;;;;;-23,989;;;;;;;;;;;;;;;;;;;;
161;;;;;;;-8,158;;;;;;;;;;;;;;;;;;;;;;;;;;
162;;;;;;;;;;;;;;;;9,783;;;;;;;;;;;;;;;;;
163;;;;;;;;;;;;;;-103,092;;;;;;;;;;;;;;;;;;;
164;;;;;;;;;;;;;;;;;;;;;;;;;;;;;;;;3,331;
165;;;;;;;;;;;;;;;;;;;;;;;;;;;;;;;214,088;;
166;;;;;;;;;;;;;;;;;;;;;;;;;;;;;;-7,88;;;
167;;;;;;;;;;;;;;;;;;;;;;;1,173;;;;;;;;;;
168;;;-9,053;;;;;;;;;;;;;;;;;;;;;;;;;;;;;;
169;;;;;;;;;;;;;;;;;;;;;;;;;;;206,208;;;;;;
170;;;;;;;;;;;;;;;;;;;;-89,526;;;;;;;;;;;;;
171;;;;;;;;;;;0;;;;;;;;;;;;;;;;;;;;;;
172;;;;;;;;;;;;;;;;;;-25,533;;;;;;;;;;;;;;;
173;;;;;;;;;;;;;;;;;;;;;;;;;;;;;;;;;0
174;;;;;;;;;;;;;;;;;0;;;;;;;;;;;;;;;;
175;;;;;;;;;;;;91,149;;;;;;;;;;;;;;;;;;;;;
176;;;;;;;;;;;;;;;;;;;;;;;;;527,968;;;;;;;;
177;;;;;;;;-309,728;;;;;;;;;;;;;;;;;;;;;;;;;
178;;;;;;;;;;;;;;;;;;;;;;;;;;;;;218,24;;;;
179;;;;;;;;;;;;;;;-57,678;;;;;;;;;;;;;;;;;;
180;;;;;;;;;;;;;;;;;;;;;;;;;;58,227;;;;;;;
181;;;;;;;;;-45,385;;;;;;;;;;;;;;;;;;;;;;;;
182;;;;;;;;;;;;;-24,598;;;;;;;;;;;;;;;;;;;;
183;;;;;;;-12,72;;;;;;;;;;;;;;;;;;;;;;;;;;
184;;;;;;;;;;;;;;;;-42,844;;;;;;;;;;;;;;;;;
185;;;;;;;;;;;;;;6,506;;;;;;;;;;;;;;;;;;;
186;;;;;;;;;;;;;;;;;;;;;;;;;;;;;;;;3,136;
187;;;;;;;;;;;;;;;;;;;;;;;;;;;;;;;160,562;;
188;;;;;;;;;;;;;;;;;;;;;;;;;;;;;;245;;;
189;;;;;;;;;;;;;;;;;;;;;;;-1,843;;;;;;;;;;
190;;;8,318;;;;;;;;;;;;;;;;;;;;;;;;;;;;;;
191;;;;;;;;;;;;;;;;;;;;;;;;;;;160,807;;;;;;
192;;;;;;;;;;;;;;;;;;;;-26,312;;;;;;;;;;;;;
193;;;;;;;;;;;0;;;;;;;;;;;;;;;;;;;;;;
194;;;;;;;;;;;;;;;;;;-28,981;;;;;;;;;;;;;;;
195;;;;;;;;;;;;;;;;;;;;;;;;;;;;;;;;;0
196;;;;;;;;;;;;;;;;;0;;;;;;;;;;;;;;;;
197;;;;;;;;;;;;105,514;;;;;;;;;;;;;;;;;;;;;
198;;;;;;;;;;;;;;;;;;;;;;;;;;;;;;;;;
199;;;;;;;;;;;;;;;;;;;;;;;;;;;;;;;;;
200;;;;;;;;;;;;;;;;;;;;;;;;;;;;;-270,356;;;;
201;;;;;;;;;;;;;;;205,447;;;;;;;;;;;;;;;;;;
202;;;;;;;;;;;;;;;;;;;;;;;;;;45,081;;;;;;;
203;;;;;;;;;-46,581;;;;;;;;;;;;;;;;;;;;;;;;
204;;;;;;;;;;;;;-23,142;;;;;;;;;;;;;;;;;;;;
205;;;;;;;-5,523;;;;;;;;;;;;;;;;;;;;;;;;;;
206;;;;;;;;;;;;;;;;237,413;;;;;;;;;;;;;;;;;
207;;;;;;;;;;;;;;-5,577;;;;;;;;;;;;;;;;;;;
208;;;;;;;;;;;;;;;;;;;;;;;;;;;;;;;;3,776;
209;;;;;;;;;;;;;;;;;;;;;;;;;;;;;;;-64,909;;
210;;;;;;;;;;;;;;;;;;;;;;;;;;;;;;-2,874;;;
211;;;;;;;;;;;;;;;;;;;;;;;452;;;;;;;;;;
212;;;-3,326;;;;;;;;;;;;;;;;;;;;;;;;;;;;;;
213;;;;;;;;;;;;;;;;;;;;;;;;;;;-67,783;;;;;;
214;;;;;;;;;;;;;;;;;;;;186,448;;;;;;;;;;;;;
215;;;;;;;;;;;0;;;;;;;;;;;;;;;;;;;;;;
216;;;;;;;;;;;;;;;;;;-23,624;;;;;;;;;;;;;;;
217;;;;;;;;;;;;;;;;;;;;;;;;;;;;;;;;;0
218;;;;;;;;;;;;;;;;;0;;;;;;;;;;;;;;;;
219;;;;;;;;;;;;95,041;;;;;;;;;;;;;;;;;;;;;
220;;;;;;;;;;;;;;;;;;;;;;;;;400,245;;;;;;;;
221;;;;;;;;-197,143;;;;;;;;;;;;;;;;;;;;;;;;;
222;;;;;;;;;;;;;;;;;;;;;;;;;;;;;203,102;;;;
223;;;;;;;;;;;;;;;-57,802;;;;;;;;;;;;;;;;;;
224;;;;;;;;;;;;;;;;;;;;;;;;;;50,454;;;;;;;
225;;;;;;;;;-42,367;;;;;;;;;;;;;;;;;;;;;;;;
226;;;;;;;;;;;;;-22,675;;;;;;;;;;;;;;;;;;;;
227;;;;;;;-13,738;;;;;;;;;;;;;;;;;;;;;;;;;;
228;;;;;;;;;;;;;;;;3,193;;;;;;;;;;;;;;;;;
229;;;;;;;;;;;;;;-35,754;;;;;;;;;;;;;;;;;;;
230;;;;;;;;;;;;;;;;;;;;;;;;;;;;;;;;3,085;
231;;;;;;;;;;;;;;;;;;;;;;;;;;;;;;;145,3;;
232;;;;;;;;;;;;;;;;;;;;;;;;;;;;;;-2,83;;;
233;;;;;;;;;;;;;;;;;;;;;;;1,276;;;;;;;;;;
234;;;-4,106;;;;;;;;;;;;;;;;;;;;;;;;;;;;;;
235;;;;;;;;;;;;;;;;;;;;;;;;;;;142,47;;;;;;
236;;;;;;;;;;;;;;;;;;;;-26,73;;;;;;;;;;;;;
237;;;;;;;;;;;0;;;;;;;;;;;;;;;;;;;;;;
238;;;;;;;;;;;;;;;;;;-25,639;;;;;;;;;;;;;;;
239;;;;;;;;;;;;;;;;;;;;;;;;;;;;;;;;;0
240;;;;;;;;;;;;;;;;;0;;;;;;;;;;;;;;;;
241;;;;;;;;;;;;90,101;;;;;;;;;;;;;;;;;;;;;
242;;;;;;;;;;;;;;;;;;;;;;;;;;;;;;;;;
243;;;;;;;;;;;;;;;;;;;;;;;;;;;;;;;;;
244;;;;;;;;;;;;;;;;;;;;;;;;;;;;;-84,034;;;;
245;;;;;;;;;;;;;;;114,646;;;;;;;;;;;;;;;;;;
246;;;;;;;;;;;;;;;;;;;;;;;;;;45,324;;;;;;;
247;;;;;;;;;-40,207;;;;;;;;;;;;;;;;;;;;;;;;
248;;;;;;;;;;;;;-23,128;;;;;;;;;;;;;;;;;;;;
249;;;;;;;-5,116;;;;;;;;;;;;;;;;;;;;;;;;;;
250;;;;;;;;;;;;;;;;141,513;;;;;;;;;;;;;;;;;
251;;;;;;;;;;;;;;-6,555;;;;;;;;;;;;;;;;;;;
252;;;;;;;;;;;;;;;;;;;;;;;;;;;;;;;;2,815;
253;;;;;;;;;;;;;;;;;;;;;;;;;;;;;;;30,612;;
254;;;;;;;;;;;;;;;;;;;;;;;;;;;;;;-771;;;
255;;;;;;;;;;;;;;;;;;;;;;;115;;;;;;;;;;
256;;;-886;;;;;;;;;;;;;;;;;;;;;;;;;;;;;;
257;;;;;;;;;;;;;;;;;;;;;;;;;;;29,841;;;;;;
258;;;;;;;;;;;;;;;;;;;;73,367;;;;;;;;;;;;;
259;;;;;;;;;;;0;;;;;;;;;;;;;;;;;;;;;;
260;;;;;;;;;;;;;;;;;;-22,953;;;;;;;;;;;;;;;
261;;;;;;;;;;;;;;;;;;;;;;;;;;;;;;;;;0
262;;;;;;;;;;;;;;;;;0;;;;;;;;;;;;;;;;
263;;;;;;;;;;;;80,255;;;;;;;;;;;;;;;;;;;;;
264;;;;;;;;;;;;;;;;;;;;;;;;;687,092;;;;;;;;
265;;;;;;;;-625,492;;;;;;;;;;;;;;;;;;;;;;;;;
266;;;;;;;;;;;;;;;;;;;;;;;;;;;;;61,6;;;;
267;;;;;;;;;;;;;;;21,798;;;;;;;;;;;;;;;;;;
268;;;;;;;;;;;;;;;;;;;;;;;;;;49,55;;;;;;;
269;;;;;;;;;-41,295;;;;;;;;;;;;;;;;;;;;;;;;
270;;;;;;;;;;;;;-24,176;;;;;;;;;;;;;;;;;;;;
271;;;;;;;-8,922;;;;;;;;;;;;;;;;;;;;;;;;;;
272;;;;;;;;;;;;;;;;15,149;;;;;;;;;;;;;;;;;
273;;;;;;;;;;;;;;28,527;;;;;;;;;;;;;;;;;;;
274;;;;;;;;;;;;;;;;;;;;;;;;;;;;;;;;2,965;
275;;;;;;;;;;;;;;;;;;;;;;;;;;;;;;;83,398;;
276;;;;;;;;;;;;;;;;;;;;;;;;;;;;;;-457;;;
277;;;;;;;;;;;;;;;;;;;;;;;-3,408;;;;;;;;;;
278;;;5,21;;;;;;;;;;;;;;;;;;;;;;;;;;;;;;
279;;;;;;;;;;;;;;;;;;;;;;;;;;;82,941;;;;;;
280;;;;;;;;;;;;;;;;;;;;22,35;;;;;;;;;;;;;
281;;;;;;;;;;;0;;;;;;;;;;;;;;;;;;;;;;
282;;;;;;;;;;;;;;;;;;-24,494;;;;;;;;;;;;;;;
283;;;;;;;;;;;;;;;;;;;;;;;;;;;;;;;;;0
284;;;;;;;;;;;;;;;;;0;;;;;;;;;;;;;;;;
285;;;;;;;;;;;;80,797;;;;;;;;;;;;;;;;;;;;;
286;;;;;;;;;;;;;;;;;;;;;;;;;659,593;;;;;;;;
287;;;;;;;;-607,019;;;;;;;;;;;;;;;;;;;;;;;;;
288;;;;;;;;;;;;;;;;;;;;;;;;;;;;;52,574;;;;
289;;;;;;;;;;;;;;;33,141;;;;;;;;;;;;;;;;;;
290;;;;;;;;;;;;;;;;;;;;;;;;;;44,658;;;;;;;
291;;;;;;;;;-37,368;;;;;;;;;;;;;;;;;;;;;;;;
292;;;;;;;;;;;;;-22,288;;;;;;;;;;;;;;;;;;;;
293;;;;;;;-8,498;;;;;;;;;;;;;;;;;;;;;;;;;;
294;;;;;;;;;;;;;;;;66,83;;;;;;;;;;;;;;;;;
295;;;;;;;;;;;;;;-13,07;;;;;;;;;;;;;;;;;;;
296;;;;;;;;;;;;;;;;;;;;;;;;;;;;;;;;2,877;
297;;;;;;;;;;;;;;;;;;;;;;;;;;;;;;;85,715;;
298;;;;;;;;;;;;;;;;;;;;;;;;;;;;;;489;;;
299;;;;;;;;;;;;;;;;;;;;;;;2,782;;;;;;;;;;
300;;;-2,293;;;;;;;;;;;;;;;;;;;;;;;;;;;;;;
301;;;;;;;;;;;;;;;;;;;;;;;;;;;86,204;;;;;;
302;;;;;;;;;;;;;;;;;;;;14,838;;;;;;;;;;;;;
303;;;;;;;;;;;0;;;;;;;;;;;;;;;;;;;;;;
304;;;;;;;;;;;;;;;;;;-23,096;;;;;;;;;;;;;;;
305;;;;;;;;;;;;;;;;;;;;;;;;;;;;;;;;;0
306;;;;;;;;;;;;;;;;;0;;;;;;;;;;;;;;;;
307;;;;;;;;;;;;77,946;;;;;;;;;;;;;;;;;;;;;
308;;;;;;;;;;;;;;;;;;;;;;;;;357,732;;;;;;;;
309;;;;;;;;-186,797;;;;;;;;;;;;;;;;;;;;;;;;;
310;;;;;;;;;;;;;;;;;;;;;;;;;;;;;170,935;;;;
311;;;;;;;;;;;;;;;-36,631;;;;;;;;;;;;;;;;;;
312;;;;;;;;;;;;;;;;;;;;;;;;;;41,874;;;;;;;
313;;;;;;;;;-37,353;;;;;;;;;;;;;;;;;;;;;;;;
314;;;;;;;;;;;;;-19,67;;;;;;;;;;;;;;;;;;;;
315;;;;;;;-10,97;;;;;;;;;;;;;;;;;;;;;;;;;;
316;;;;;;;;;;;;;;;;3,305;;;;;;;;;;;;;;;;;
317;;;;;;;;;;;;;;-16,494;;;;;;;;;;;;;;;;;;;
318;;;;;;;;;;;;;;;;;;;;;;;;;;;;;;;;2,677;
319;;;;;;;;;;;;;;;;;;;;;;;;;;;;;;;134,304;;
320;;;;;;;;;;;;;;;;;;;;;;;;;;;;;;-1,95;;;
321;;;;;;;;;;;;;;;;;;;;;;;153;;;;;;;;;;
322;;;-2,103;;;;;;;;;;;;;;;;;;;;;;;;;;;;;;
323;;;;;;;;;;;;;;;;;;;;;;;;;;;132,354;;;;;;
324;;;;;;;;;;;;;;;;;;;;-28,782;;;;;;;;;;;;;
325;;;;;;;;;;;0;;;;;;;;;;;;;;;;;;;;;;
326;;;;;;;;;;;;;;;;;;-23,805;;;;;;;;;;;;;;;
327;;;;;;;;;;;;;;;;;;;;;;;;;;;;;;;;;0
328;;;;;;;;;;;;;;;;;0;;;;;;;;;;;;;;;;
329;;;;;;;;;;;;79,767;;;;;;;;;;;;;;;;;;;;;
330;;;;;;;;;;;;;;;;;;;;;;;;;324,617;;;;;;;;
331;;;;;;;;-163,853;;;;;;;;;;;;;;;;;;;;;;;;;
332;;;;;;;;;;;;;;;;;;;;;;;;;;;;;160,764;;;;
333;;;;;;;;;;;;;;;-36,669;;;;;;;;;;;;;;;;;;
334;;;;;;;;;;;;;;;;;;;;;;;;;;40,956;;;;;;;
335;;;;;;;;;-35,716;;;;;;;;;;;;;;;;;;;;;;;;
336;;;;;;;;;;;;;-20,527;;;;;;;;;;;;;;;;;;;;
337;;;;;;;-11,184;;;;;;;;;;;;;;;;;;;;;;;;;;
338;;;;;;;;;;;;;;;;8,099;;;;;;;;;;;;;;;;;
339;;;;;;;;;;;;;;-20,844;;;;;;;;;;;;;;;;;;;
340;;;;;;;;;;;;;;;;;;;;;;;;;;;;;;;;2,547;
341;;;;;;;;;;;;;;;;;;;;;;;;;;;;;;;124,095;;
342;;;;;;;;;;;;;;;;;;;;;;;;;;;;;;-341;;;
343;;;;;;;;;;;;;;;;;;;;;;;473;;;;;;;;;;
344;;;-814;;;;;;;;;;;;;;;;;;;;;;;;;;;;;;
345;;;;;;;;;;;;;;;;;;;;;;;;;;;123,754;;;;;;
346;;;;;;;;;;;;;;;;;;;;-31,983;;;;;;;;;;;;;
347;;;;;;;;;;;0;;;;;;;;;;;;;;;;;;;;;;
348;;;;;;;;;;;;;;;;;;-19,634;;;;;;;;;;;;;;;
349;;;;;;;;;;;;;;;;;;;;;;;;;;;;;;;;;0
350;;;;;;;;;;;;;;;;;0;;;;;;;;;;;;;;;;
351;;;;;;;;;;;;72,137;;;;;;;;;;;;;;;;;;;;;
352;;;;;;;;;;;;;;;;;;;;;;;;;474,275;;;;;;;;
353;;;;;;;;-364,573;;;;;;;;;;;;;;;;;;;;;;;;;
354;;;;;;;;;;;;;;;;;;;;;;;;;;;;;109,702;;;;
355;;;;;;;;;;;;;;;-11,662;;;;;;;;;;;;;;;;;;
356;;;;;;;;;;;;;;;;;;;;;;;;;;42,306;;;;;;;
357;;;;;;;;;-38,795;;;;;;;;;;;;;;;;;;;;;;;;
358;;;;;;;;;;;;;-23,546;;;;;;;;;;;;;;;;;;;;
359;;;;;;;-12,15;;;;;;;;;;;;;;;;;;;;;;;;;;
360;;;;;;;;;;;;;;;;26,931;;;;;;;;;;;;;;;;;
361;;;;;;;;;;;;;;-8,974;;;;;;;;;;;;;;;;;;;
362;;;;;;;;;;;;;;;;;;;;;;;;;;;;;;;;2,566;
363;;;;;;;;;;;;;;;;;;;;;;;;;;;;;;;98,04;;
364;;;;;;;;;;;;;;;;;;;;;;;;;;;;;;-135;;;
365;;;;;;;;;;;;;;;;;;;;;;;-1,081;;;;;;;;;;
366;;;2,717;;;;;;;;;;;;;;;;;;;;;;;;;;;;;;
367;;;;;;;;;;;;;;;;;;;;;;;;;;;97,905;;;;;;
368;;;;;;;;;;;;;;;;;;;;1,577;;;;;;;;;;;;;
369;;;;;;;;;;;0;;;;;;;;;;;;;;;;;;;;;;
370;;;;;;;;;;;;;;;;;;-23,315;;;;;;;;;;;;;;;
371;;;;;;;;;;;;;;;;;;;;;;;;;;;;;;;;;0
372;;;;;;;;;;;;;;;;;0;;;;;;;;;;;;;;;;
373;;;;;;;;;;;;76,167;;;;;;;;;;;;;;;;;;;;;
374;;;;;;;;;;;;;;;;;;;;;;;;;348,451;;;;;;;;
375;;;;;;;;-222,031;;;;;;;;;;;;;;;;;;;;;;;;;
376;;;;;;;;;;;;;;;;;;;;;;;;;;;;;126,42;;;;
377;;;;;;;;;;;;;;;-20,278;;;;;;;;;;;;;;;;;;
378;;;;;;;;;;;;;;;;;;;;;;;;;;37,177;;;;;;;
379;;;;;;;;;-34,63;;;;;;;;;;;;;;;;;;;;;;;;
380;;;;;;;;;;;;;-18,648;;;;;;;;;;;;;;;;;;;;
381;;;;;;;-10,431;;;;;;;;;;;;;;;;;;;;;;;;;;
382;;;;;;;;;;;;;;;;7,033;;;;;;;;;;;;;;;;;
383;;;;;;;;;;;;;;-2,996;;;;;;;;;;;;;;;;;;;
384;;;;;;;;;;;;;;;;;;;;;;;;;;;;;;;;2,217;
385;;;;;;;;;;;;;;;;;;;;;;;;;;;;;;;106,142;;
386;;;;;;;;;;;;;;;;;;;;;;;;;;;;;;-1,115;;;
387;;;;;;;;;;;;;;;;;;;;;;;177;;;;;;;;;;
388;;;-1,292;;;;;;;;;;;;;;;;;;;;;;;;;;;;;;
389;;;;;;;;;;;;;;;;;;;;;;;;;;;105,027;;;;;;
390;;;;;;;;;;;;;;;;;;;;-18,154;;;;;;;;;;;;;
391;;;;;;;;;;;0;;;;;;;;;;;;;;;;;;;;;;
392;;;;;;;;;;;;;;;;;;-19,544;;;;;;;;;;;;;;;
393;;;;;;;;;;;;;;;;;;;;;;;;;;;;;;;;;0
394;;;;;;;;;;;;;;;;;0;;;;;;;;;;;;;;;;
395;;;;;;;;;;;;67,329;;;;;;;;;;;;;;;;;;;;;
396;;;;;;;;;;;;;;;;;;;;;;;;;464,308;;;;;;;;
397;;;;;;;;-425,381;;;;;;;;;;;;;;;;;;;;;;;;;
398;;;;;;;;;;;;;;;;;;;;;;;;;;;;;38,927;;;;
399;;;;;;;;;;;;;;;43,503;;;;;;;;;;;;;;;;;;
400;;;;;;;;;;;;;;;;;;;;;;;;;;44,49;;;;;;;
401;;;;;;;;;-34,603;;;;;;;;;;;;;;;;;;;;;;;;
402;;;;;;;;;;;;;-18,475;;;;;;;;;;;;;;;;;;;;
403;;;;;;;-8,398;;;;;;;;;;;;;;;;;;;;;;;;;;
404;;;;;;;;;;;;;;;;64,84;;;;;;;;;;;;;;;;;
405;;;;;;;;;;;;;;-6,5;;;;;;;;;;;;;;;;;;;
406;;;;;;;;;;;;;;;;;;;;;;;;;;;;;;;;2,149;
407;;;;;;;;;;;;;;;;;;;;;;;;;;;;;;;82,43;;
408;;;;;;;;;;;;;;;;;;;;;;;;;;;;;;-608;;;
409;;;;;;;;;;;;;;;;;;;;;;;258;;;;;;;;;;
410;;;-866;;;;;;;;;;;;;;;;;;;;;;;;;;;;;;
411;;;;;;;;;;;;;;;;;;;;;;;;;;;81,822;;;;;;
412;;;;;;;;;;;;;;;;;;;;3,53;;;;;;;;;;;;;
413;;;;;;;;;;;0;;;;;;;;;;;;;;;;;;;;;;
414;;;;;;;;;;;;;;;;;;-20,642;;;;;;;;;;;;;;;
415;;;;;;;;;;;;;;;;;;;;;;;;;;;;;;;;;0
416;;;;;;;;;;;;;;;;;0;;;;;;;;;;;;;;;;
417;;;;;;;;;;;;64,71;;;;;;;;;;;;;;;;;;;;;
418;;;;;;;;;;;;;;;;;;;;;;;;;256,45;;;;;;;;
419;;;;;;;;-120,131;;;;;;;;;;;;;;;;;;;;;;;;;
420;;;;;;;;;;;;;;;;;;;;;;;;;;;;;136,319;;;;
421;;;;;;;;;;;;;;;-31,323;;;;;;;;;;;;;;;;;;
422;;;;;;;;;;;;;;;;;;;;;;;;;;32,954;;;;;;;
423;;;;;;;;;-32,633;;;;;;;;;;;;;;;;;;;;;;;;
424;;;;;;;;;;;;;-17,513;;;;;;;;;;;;;;;;;;;;
425;;;;;;;-9,957;;;;;;;;;;;;;;;;;;;;;;;;;;
426;;;;;;;;;;;;;;;;2,119;;;;;;;;;;;;;;;;;
427;;;;;;;;;;;;;;-8,245;;;;;;;;;;;;;;;;;;;
428;;;;;;;;;;;;;;;;;;;;;;;;;;;;;;;;1,952;
429;;;;;;;;;;;;;;;;;;;;;;;;;;;;;;;104,996;;
430;;;;;;;;;;;;;;;;;;;;;;;;;;;;;;87;;;
431;;;;;;;;;;;;;;;;;;;;;;;646;;;;;;;;;;
432;;;-559;;;;;;;;;;;;;;;;;;;;;;;;;;;;;;
433;;;;;;;;;;;;;;;;;;;;;;;;;;;105,083;;;;;;
434;;;;;;;;;;;;;;;;;;;;-26,425;;;;;;;;;;;;;
435;;;;;;;;;;;0;;;;;;;;;;;;;;;;;;;;;;
436;;;;;;;;;;;;;;;;;;-18,601;;;;;;;;;;;;;;;
437;;;;;;;;;;;;;;;;;;;;;;;;;;;;;;;;;0
438;;;;;;;;;;;;;;;;;0;;;;;;;;;;;;;;;;
439;;;;;;;;;;;;60,057;;;;;;;;;;;;;;;;;;;;;
440;;;;;;;;;;;;;;;;;;;;;;;;;320,237;;;;;;;;
441;;;;;;;;-207,395;;;;;;;;;;;;;;;;;;;;;;;;;
442;;;;;;;;;;;;;;;;;;;;;;;;;;;;;112,842;;;;
443;;;;;;;;;;;;;;;-19,647;;;;;;;;;;;;;;;;;;
444;;;;;;;;;;;;;;;;;;;;;;;;;;40,803;;;;;;;
445;;;;;;;;;-36,218;;;;;;;;;;;;;;;;;;;;;;;;
446;;;;;;;;;;;;;-18,476;;;;;;;;;;;;;;;;;;;;
447;;;;;;;-9,988;;;;;;;;;;;;;;;;;;;;;;;;;;
448;;;;;;;;;;;;;;;;-1,923;;;;;;;;;;;;;;;;;
449;;;;;;;;;;;;;;4,466;;;;;;;;;;;;;;;;;;;
450;;;;;;;;;;;;;;;;;;;;;;;;;;;;;;;;1,689;
451;;;;;;;;;;;;;;;;;;;;;;;;;;;;;;;93,195;;
452;;;;;;;;;;;;;;;;;;;;;;;;;;;;;;-433;;;
453;;;;;;;;;;;;;;;;;;;;;;;-227;;;;;;;;;;
454;;;6,405;;;;;;;;;;;;;;;;;;;;;;;;;;;;;;
455;;;;;;;;;;;;;;;;;;;;;;;;;;;92,762;;;;;;
456;;;;;;;;;;;;;;;;;;;;-17,899;;;;;;;;;;;;;
457;;;;;;;;;;;0;;;;;;;;;;;;;;;;;;;;;;
458;;;;;;;;;;;;;;;;;;-15,282;;;;;;;;;;;;;;;
459;;;;;;;;;;;;;;;;;;;;;;;;;;;;;;;;;0
460;;;;;;;;;;;;;;;;;0;;;;;;;;;;;;;;;;
461;;;;;;;;;;;;59,581;;;;;;;;;;;;;;;;;;;;;
462;;;;;;;;;;;;;;;;;;;;;;;;;353,115;;;;;;;;
463;;;;;;;;-244,536;;;;;;;;;;;;;;;;;;;;;;;;;
464;;;;;;;;;;;;;;;;;;;;;;;;;;;;;108,579;;;;
465;;;;;;;;;;;;;;;-19,216;;;;;;;;;;;;;;;;;;
466;;;;;;;;;;;;;;;;;;;;;;;;;;35,159;;;;;;;
467;;;;;;;;;-30,935;;;;;;;;;;;;;;;;;;;;;;;;
468;;;;;;;;;;;;;-17,762;;;;;;;;;;;;;;;;;;;;
469;;;;;;;-9,865;;;;;;;;;;;;;;;;;;;;;;;;;;
470;;;;;;;;;;;;;;;;4,826;;;;;;;;;;;;;;;;;
471;;;;;;;;;;;;;;-2,824;;;;;;;;;;;;;;;;;;;
472;;;;;;;;;;;;;;;;;;;;;;;;;;;;;;;;2,185;
473;;;;;;;;;;;;;;;;;;;;;;;;;;;;;;;89,363;;
474;;;;;;;;;;;;;;;;;;;;;;;;;;;;;;-1,438;;;
475;;;;;;;;;;;;;;;;;;;;;;;190;;;;;;;;;;
476;;;-1,628;;;;;;;;;;;;;;;;;;;;;;;;;;;;;;
477;;;;;;;;;;;;;;;;;;;;;;;;;;;87,925;;;;;;
478;;;;;;;;;;;;;;;;;;;;-18,774;;;;;;;;;;;;;
479;;;;;;;;;;;0;;;;;;;;;;;;;;;;;;;;;;
480;;;;;;;;;;;;;;;;;;-14,037;;;;;;;;;;;;;;;
481;;;;;;;;;;;;;;;;;;;;;;;;;;;;;;;;;0
482;;;;;;;;;;;;;;;;;0;;;;;;;;;;;;;;;;
483;;;;;;;;;;;;55,114;;;;;;;;;;;;;;;;;;;;;
484;;;;;;;;;;;;;;;;;;;;;;;;;335,748;;;;;;;;
485;;;;;;;;-285,891;;;;;;;;;;;;;;;;;;;;;;;;;
486;;;;;;;;;;;;;;;;;;;;;;;;;;;;;49,857;;;;
487;;;;;;;;;;;;;;;16,913;;;;;;;;;;;;;;;;;;
488;;;;;;;;;;;;;;;;;;;;;;;;;;32,108;;;;;;;
489;;;;;;;;;-32,179;;;;;;;;;;;;;;;;;;;;;;;;
490;;;;;;;;;;;;;-19,665;;;;;;;;;;;;;;;;;;;;
491;;;;;;;-8,226;;;;;;;;;;;;;;;;;;;;;;;;;;
492;;;;;;;;;;;;;;;;44,122;;;;;;;;;;;;;;;;;
493;;;;;;;;;;;;;;-1,488;;;;;;;;;;;;;;;;;;;
494;;;;;;;;;;;;;;;;;;;;;;;;;;;;;;;;2,241;
495;;;;;;;;;;;;;;;;;;;;;;;;;;;;;;;66,77;;
496;;;;;;;;;;;;;;;;;;;;;;;;;;;;;;-3,818;;;
497;;;;;;;;;;;;;;;;;;;;;;;0;;;;;;;;;;
498;;;-3,818;;;;;;;;;;;;;;;;;;;;;;;;;;;;;;
499;;;;;;;;;;;;;;;;;;;;;;;;;;;62,952;;;;;;
500;;;;;;;;;;;;;;;;;;;;5,211;;;;;;;;;;;;;
501;;;;;;;;;;;0;;;;;;;;;;;;;;;;;;;;;;
502;;;;;;;;;;;;;;;;;;-13,115;;;;;;;;;;;;;;;
503;;;;;;;;;;;;;;;;;;;;;;;;;;;;;;;;;0
504;;;;;;;;;;;;;;;;;0;;;;;;;;;;;;;;;;
505;;;;;;;;;;;;55,048;;;;;;;;;;;;;;;;;;;;;
506;;;;;;;;;;;;;;;;;;;;;;;;;316,009;;;;;;;;
507;;;;;;;;-195,828;;;;;;;;;;;;;;;;;;;;;;;;;
508;;;;;;;;;;;;;;;;;;;;;;;;;;;;;120,181;;;;
509;;;;;;;;;;;;;;;-27,407;;;;;;;;;;;;;;;;;;
510;;;;;;;;;;;;;;;;;;;;;;;;;;29,333;;;;;;;
511;;;;;;;;;-31,017;;;;;;;;;;;;;;;;;;;;;;;;
512;;;;;;;;;;;;;-15,652;;;;;;;;;;;;;;;;;;;;
513;;;;;;;-9,983;;;;;;;;;;;;;;;;;;;;;;;;;;
514;;;;;;;;;;;;;;;;4,119;;;;;;;;;;;;;;;;;
515;;;;;;;;;;;;;;-6,604;;;;;;;;;;;;;;;;;;;
516;;;;;;;;;;;;;;;;;;;;;;;;;;;;;;;;2,397;
517;;;;;;;;;;;;;;;;;;;;;;;;;;;;;;;92,774;;
518;;;;;;;;;;;;;;;;;;;;;;;;;;;;;;-922;;;
519;;;;;;;;;;;;;;;;;;;;;;;37;;;;;;;;;;
520;;;-959;;;;;;;;;;;;;;;;;;;;;;;;;;;;;;
521;;;;;;;;;;;;;;;;;;;;;;;;;;;91,852;;;;;;
522;;;;;;;;;;;;;;;;;;;;-24,951;;;;;;;;;;;;;
523;;;;;;;;;;;0;;;;;;;;;;;;;;;;;;;;;;
524;;;;;;;;;;;;;;;;;;-10,025;;;;;;;;;;;;;;;
525;;;;;;;;;;;;;;;;;;;;;;;;;;;;;;;;;0
526;;;;;;;;;;;;;;;;;0;;;;;;;;;;;;;;;;
527;;;;;;;;;;;;56,876;;;;;;;;;;;;;;;;;;;;;
528;;;;;;;;;;;;;;;;;;;;;;;;;277,574;;;;;;;;
529;;;;;;;;-154,627;;;;;;;;;;;;;;;;;;;;;;;;;
530;;;;;;;;;;;;;;;;;;;;;;;;;;;;;122,947;;;;
531;;;;;;;;;;;;;;;-16,414;;;;;;;;;;;;;;;;;;
532;;;;;;;;;;;;;;;;;;;;;;;;;;34,826;;;;;;;
533;;;;;;;;;-32,219;;;;;;;;;;;;;;;;;;;;;;;;
534;;;;;;;;;;;;;-16,005;;;;;;;;;;;;;;;;;;;;
535;;;;;;;-10,759;;;;;;;;;;;;;;;;;;;;;;;;;;
536;;;;;;;;;;;;;;;;-3,476;;;;;;;;;;;;;;;;;
537;;;;;;;;;;;;;;8,645;;;;;;;;;;;;;;;;;;;
538;;;;;;;;;;;;;;;;;;;;;;;;;;;;;;;;2,574;
539;;;;;;;;;;;;;;;;;;;;;;;;;;;;;;;106,533;;
540;;;;;;;;;;;;;;;;;;;;;;;;;;;;;;-4,158;;;
541;;;;;;;;;;;;;;;;;;;;;;;-2,875;;;;;;;;;;
542;;;4,697;;;;;;;;;;;;;;;;;;;;;;;;;;;;;;
543;;;;;;;;;;;;;;;;;;;;;;;;;;;102,375;;;;;;
544;;;;;;;;;;;;;;;;;;;;-23,725;;;;;;;;;;;;;
545;;;;;;;;;;;0;;;;;;;;;;;;;;;;;;;;;;
546;;;;;;;;;;;;;;;;;;-18,046;;;;;;;;;;;;;;;
547;;;;;;;;;;;;;;;;;;;;;;;;;;;;;;;;;0
548;;;;;;;;;;;;;;;;;0;;;;;;;;;;;;;;;;
549;;;;;;;;;;;;60,604;;;;;;;;;;;;;;;;;;;;;
550;;;;;;;;;;;;;;;;;;;;;;;;;415,557;;;;;;;;
551;;;;;;;;-331,696;;;;;;;;;;;;;;;;;;;;;;;;;
552;;;;;;;;;;;;;;;;;;;;;;;;;;;;;83,861;;;;
553;;;;;;;;;;;;;;;1,58;;;;;;;;;;;;;;;;;;
554;;;;;;;;;;;;;;;;;;;;;;;;;;30,039;;;;;;;
555;;;;;;;;;-28,118;;;;;;;;;;;;;;;;;;;;;;;;
556;;;;;;;;;;;;;-16,634;;;;;;;;;;;;;;;;;;;;
557;;;;;;;-8,746;;;;;;;;;;;;;;;;;;;;;;;;;;
558;;;;;;;;;;;;;;;;26,243;;;;;;;;;;;;;;;;;
559;;;;;;;;;;;;;;-4,047;;;;;;;;;;;;;;;;;;;
560;;;;;;;;;;;;;;;;;;;;;;;;;;;;;;;;2,843;
561;;;;;;;;;;;;;;;;;;;;;;;;;;;;;;;85,441;;
562;;;;;;;;;;;;;;;;;;;;;;;;;;;;;;2,558;;;
563;;;;;;;;;;;;;;;;;;;;;;;2,875;;;;;;;;;;
564;;;-317;;;;;;;;;;;;;;;;;;;;;;;;;;;;;;
565;;;;;;;;;;;;;;;;;;;;;;;;;;;87,999;;;;;;
566;;;;;;;;;;;;;;;;;;;;-12,49;;;;;;;;;;;;;
567;;;;;;;;;;;0;;;;;;;;;;;;;;;;;;;;;;
568;;;;;;;;;;;;;;;;;;-16,981;;;;;;;;;;;;;;;
569;;;;;;;;;;;;;;;;;;;;;;;;;;;;;;;;;0
570;;;;;;;;;;;;;;;;;0;;;;;;;;;;;;;;;;
571;;;;;;;;;;;;58,528;;;;;;;;;;;;;;;;;;;;;
572;;;;;;;;;;;;;;;;;;;;;;;;;269,744;;;;;;;;
573;;;;;;;;-135,801;;;;;;;;;;;;;;;;;;;;;;;;;
574;;;;;;;;;;;;;;;;;;;;;;;;;;;;;133,943;;;;
575;;;;;;;;;;;;;;;-25,576;;;;;;;;;;;;;;;;;;
576;;;;;;;;;;;;;;;;;;;;;;;;;;30,857;;;;;;;
577;;;;;;;;;-27,301;;;;;;;;;;;;;;;;;;;;;;;;
578;;;;;;;;;;;;;-16,91;;;;;;;;;;;;;;;;;;;;
579;;;;;;;-10,373;;;;;;;;;;;;;;;;;;;;;;;;;;
580;;;;;;;;;;;;;;;;2,347;;;;;;;;;;;;;;;;;
581;;;;;;;;;;;;;;-6,815;;;;;;;;;;;;;;;;;;;
582;;;;;;;;;;;;;;;;;;;;;;;;;;;;;;;;2,619;
583;;;;;;;;;;;;;;;;;;;;;;;;;;;;;;;108,367;;
584;;;;;;;;;;;;;;;;;;;;;;;;;;;;;;-3,996;;;
585;;;;;;;;;;;;;;;;;;;;;;;0;;;;;;;;;;
586;;;-3,996;;;;;;;;;;;;;;;;;;;;;;;;;;;;;;
587;;;;;;;;;;;;;;;;;;;;;;;;;;;104,371;;;;;;
588;;;;;;;;;;;;;;;;;;;;-27,391;;;;;;;;;;;;;
589;;;;;;;;;;;0;;;;;;;;;;;;;;;;;;;;;;
590;;;;;;;;;;;;;;;;;;-16,755;;;;;;;;;;;;;;;
591;;;;;;;;;;;;;;;;;;;;;;;;;;;;;;;;;0
592;;;;;;;;;;;;;;;;;0;;;;;;;;;;;;;;;;
593;;;;;;;;;;;;60,225;;;;;;;;;;;;;;;;;;;;;
594;;;;;;;;;;;;;;;;;;;;;;;;;250,661;;;;;;;;
595;;;;;;;;-127,434;;;;;;;;;;;;;;;;;;;;;;;;;
596;;;;;;;;;;;;;;;;;;;;;;;;;;;;;123,227;;;;
597;;;;;;;;;;;;;;;-24,14;;;;;;;;;;;;;;;;;;
598;;;;;;;;;;;;;;;;;;;;;;;;;;29,643;;;;;;;
599;;;;;;;;;-26,054;;;;;;;;;;;;;;;;;;;;;;;;
600;;;;;;;;;;;;;-15,316;;;;;;;;;;;;;;;;;;;;
601;;;;;;;-9,889;;;;;;;;;;;;;;;;;;;;;;;;;;
602;;;;;;;;;;;;;;;;1,915;;;;;;;;;;;;;;;;;
603;;;;;;;;;;;;;;-6,796;;;;;;;;;;;;;;;;;;;
604;;;;;;;;;;;;;;;;;;;;;;;;;;;;;;;;2,357;
605;;;;;;;;;;;;;;;;;;;;;;;;;;;;;;;99,087;;
606;;;;;;;;;;;;;;;;;;;;;;;;;;;;;;-384;;;
607;;;;;;;;;;;;;;;;;;;;;;;0;;;;;;;;;;
608;;;-384;;;;;;;;;;;;;;;;;;;;;;;;;;;;;;
609;;;;;;;;;;;;;;;;;;;;;;;;;;;98,703;;;;;;
610;;;;;;;;;;;;;;;;;;;;-24,407;;;;;;;;;;;;;
611;;;;;;;;;;;0;;;;;;;;;;;;;;;;;;;;;;
612;;;;;;;;;;;;;;;;;;-17,616;;;;;;;;;;;;;;;
613;;;;;;;;;;;;;;;;;;;;;;;;;;;;;;;;;0
614;;;;;;;;;;;;;;;;;0;;;;;;;;;;;;;;;;
615;;;;;;;;;;;;56,68;;;;;;;;;;;;;;;;;;;;;
616;;;;;;;;;;;;;;;;;;;;;;;;;331,045;;;;;;;;
617;;;;;;;;-232,831;;;;;;;;;;;;;;;;;;;;;;;;;
618;;;;;;;;;;;;;;;;;;;;;;;;;;;;;98,214;;;;
619;;;;;;;;;;;;;;;-68,226;;;;;;;;;;;;;;;;;;
620;;;;;;;;;;;;;;;;;;;;;;;;;;34,658;;;;;;;
621;;;;;;;;;-92,588;;;;;;;;;;;;;;;;;;;;;;;;
622;;;;;;;;;;;;;-8,389;;;;;;;;;;;;;;;;;;;;
623;;;;;;;25,225;;;;;;;;;;;;;;;;;;;;;;;;;;
624;;;;;;;;;;;;;;;;22,025;;;;;;;;;;;;;;;;;
625;;;;;;;;;;;;;;-49,157;;;;;;;;;;;;;;;;;;;
626;;;;;;;;;;;;;;;;;;;;;;;;;;;;;;;;0;
627;;;;;;;;;;;;;;;;;;;;;;;;;;;;;;;29,988;;
628;;;;;;;;;;;;;;;;;;;;;;;;;;;;;;-77,159;;;
629;;;;;;;;;;;;;;;;;;;;;;;-265;;;;;;;;;;
630;;;2,173;;;;;;;;;;;;;;;;;;;;;;;;;;;;;;
631;;;;;;;;;;;;;;;;;;;;;;;;;;;-47,171;;;;;;
632;;;;;;;;;;;;;;;;;;;;55,842;;;;;;;;;;;;;
633;;;;;;;;;;;202,757;;;;;;;;;;;;;;;;;;;;;;
634;;;;;;;;;;;;;;;;;;-19,234;;;;;;;;;;;;;;;
635;;;;;;;;;;;;;;;;;;;;;;;;;;;;;;;;;0
636;;;;;;;;;;;;;;;;;0;;;;;;;;;;;;;;;;
637;;;;;;;;;;;;54,005;;;;;;;;;;;;;;;;;;;;;
638;;;;;;;;;;;;;;;;;;;;;;;;;226,819;;;;;;;;
639;;;;;;;;-112,835;;;;;;;;;;;;;;;;;;;;;;;;;
640;;;;;;;;;;;;;;;;;;;;;;;;;;;;;113,984;;;;
641;;;;;;;;;;;;;;;-26,674;;;;;;;;;;;;;;;;;;
642;;;;;;;;;;;;;;;;;;;;;;;;;;22,842;;;;;;;
643;;;;;;;;;-23,095;;;;;;;;;;;;;;;;;;;;;;;;
644;;;;;;;;;;;;;-13,744;;;;;;;;;;;;;;;;;;;;
645;;;;;;;-8,666;;;;;;;;;;;;;;;;;;;;;;;;;;
646;;;;;;;;;;;;;;;;4,045;;;;;;;;;;;;;;;;;
647;;;;;;;;;;;;;;-8,056;;;;;;;;;;;;;;;;;;;
648;;;;;;;;;;;;;;;;;;;;;;;;;;;;;;;;0;
649;;;;;;;;;;;;;;;;;;;;;;;;;;;;;;;87,31;;
650;;;;;;;;;;;;;;;;;;;;;;;;;;;;;;265;;;
651;;;;;;;;;;;;;;;;;;;;;;;265;;;;;;;;;;
652;;;0;;;;;;;;;;;;;;;;;;;;;;;;;;;;;;
653;;;;;;;;;;;;;;;;;;;;;;;;;;;87,575;;;;;;
654;;;;;;;;;;;;;;;;;;;;-21,486;;;;;;;;;;;;;
655;;;;;;;;;;;0;;;;;;;;;;;;;;;;;;;;;;
656;;;;;;;;;;;;;;;;;;-14,974;;;;;;;;;;;;;;;
657;;;;;;;;;;;;;;;;;;;;;;;;;;;;;;;;;0
658;;;;;;;;;;;;;;;;;0;;;;;;;;;;;;;;;;
659;;;;;;;;;;;;51,115;;;;;;;;;;;;;;;;;;;;;
660;;;;;;;;;;;;;;;;;;;;;;;;;254,131;;;;;;;;
661;;;;;;;;-152,101;;;;;;;;;;;;;;;;;;;;;;;;;
662;;;;;;;;;;;;;;;;;;;;;;;;;;;;;102,03;;;;
663;;;;;;;;;;;;;;;-16,196;;;;;;;;;;;;;;;;;;
664;;;;;;;;;;;;;;;;;;;;;;;;;;26,217;;;;;;;
665;;;;;;;;;-22,37;;;;;;;;;;;;;;;;;;;;;;;;
666;;;;;;;;;;;;;-13,545;;;;;;;;;;;;;;;;;;;;
667;;;;;;;-8,278;;;;;;;;;;;;;;;;;;;;;;;;;;
668;;;;;;;;;;;;;;;;3,48;;;;;;;;;;;;;;;;;
669;;;;;;;;;;;;;;-1,7;;;;;;;;;;;;;;;;;;;
670;;;;;;;;;;;;;;;;;;;;;;;;;;;;;;;;0;
671;;;;;;;;;;;;;;;;;;;;;;;;;;;;;;;85,834;;
672;;;;;;;;;;;;;;;;;;;;;;;;;;;;;;-1,908;;;
673;;;;;;;;;;;;;;;;;;;;;;;0;;;;;;;;;;
674;;;-1,908;;;;;;;;;;;;;;;;;;;;;;;;;;;;;;
675;;;;;;;;;;;;;;;;;;;;;;;;;;;83,926;;;;;;
676;;;;;;;;;;;;;;;;;;;;-18,311;;;;;;;;;;;;;
677;;;;;;;;;;;0;;;;;;;;;;;;;;;;;;;;;;
678;;;;;;;;;;;;;;;;;;-15,445;;;;;;;;;;;;;;;
679;;;;;;;;;;;;;;;;;;;;;;;;;;;;;;;;;0
680;;;;;;;;;;;;;;;;;0;;;;;;;;;;;;;;;;
681;;;;;;;;;;;;50,17;;;;;;;;;;;;;;;;;;;;;
682;;;;;;;;;;;;;;;;;;;;;;;;;207,606;;;;;;;;
683;;;;;;;;-116,394;;;;;;;;;;;;;;;;;;;;;;;;;
684;;;;;;;;;;;;;;;;;;;;;;;;;;;;;91,212;;;;
685;;;;;;;;;;;;;;;-12,52;;;;;;;;;;;;;;;;;;
686;;;;;;;;;;;;;;;;;;;;;;;;;;24,431;;;;;;;
687;;;;;;;;;-20,943;;;;;;;;;;;;;;;;;;;;;;;;
688;;;;;;;;;;;;;-14,348;;;;;;;;;;;;;;;;;;;;
689;;;;;;;-8,281;;;;;;;;;;;;;;;;;;;;;;;;;;
690;;;;;;;;;;;;;;;;7,311;;;;;;;;;;;;;;;;;
691;;;;;;;;;;;;;;-690;;;;;;;;;;;;;;;;;;;
692;;;;;;;;;;;;;;;;;;;;;;;;;;;;;;;;0;
693;;;;;;;;;;;;;;;;;;;;;;;;;;;;;;;78,692;;
694;;;;;;;;;;;;;;;;;;;;;;;;;;;;;;-265;;;
695;;;;;;;;;;;;;;;;;;;;;;;0;;;;;;;;;;
696;;;-265;;;;;;;;;;;;;;;;;;;;;;;;;;;;;;
697;;;;;;;;;;;;;;;;;;;;;;;;;;;78,427;;;;;;
698;;;;;;;;;;;;;;;;;;;;-16,045;;;;;;;;;;;;;
699;;;;;;;;;;;0;;;;;;;;;;;;;;;;;;;;;;
700;;;;;;;;;;;;;;;;;;-15,448;;;;;;;;;;;;;;;
701;;;;;;;;;;;;;;;;;;;;;;;;;;;;;;;;;0
702;;;;;;;;;;;;;;;;;0;;;;;;;;;;;;;;;;
703;;;;;;;;;;;;46,934;;;;;;;;;;;;;;;;;;;;;
704;;;;;;;;;;;;;;;;;;;;;;;;;192,556;;;;;;;;
705;;;;;;;;-98,544;;;;;;;;;;;;;;;;;;;;;;;;;
706;;;;;;;;;;;;;;;;;;;;;;;;;;;;;94,012;;;;
707;;;;;;;;;;;;;;;-45,232;;;;;;;;;;;;;;;;;;
708;;;;;;;;;;;;;;;;;;;;;;;;;;19,797;;;;;;;
709;;;;;;;;;-20,259;;;;;;;;;;;;;;;;;;;;;;;;
710;;;;;;;;;;;;;-15,658;;;;;;;;;;;;;;;;;;;;
711;;;;;;;-3,549;;;;;;;;;;;;;;;;;;;;;;;;;;
712;;;;;;;;;;;;;;;;69,672;;;;;;;;;;;;;;;;;
713;;;;;;;;;;;;;;-95,235;;;;;;;;;;;;;;;;;;;
714;;;;;;;;;;;;;;;;;;;;;;;;;;;;;;;;0;
715;;;;;;;;;;;;;;;;;;;;;;;;;;;;;;;48,78;;
716;;;;;;;;;;;;;;;;;;;;;;;;;;;;;;-311;;;
717;;;;;;;;;;;;;;;;;;;;;;;0;;;;;;;;;;
718;;;-311;;;;;;;;;;;;;;;;;;;;;;;;;;;;;;
719;;;;;;;;;;;;;;;;;;;;;;;;;;;48,469;;;;;;
720;;;;;;;;;;;;;;;;;;;;16,379;;;;;;;;;;;;;
721;;;;;;;;;;;0;;;;;;;;;;;;;;;;;;;;;;
722;;;;;;;;;;;;;;;;;;-13,504;;;;;;;;;;;;;;;
723;;;;;;;;;;;;;;;;;;;;;;;;;;;;;;;;;0
724;;;;;;;;;;;;;;;;;0;;;;;;;;;;;;;;;;
725;;;;;;;;;;;;51,344;;;;;;;;;;;;;;;;;;;;;
726;;;;;;;;;;;;;;;;;;;;;;;;;188,228;;;;;;;;
727;;;;;;;;-92,209;;;;;;;;;;;;;;;;;;;;;;;;;
728;;;;;;;;;;;;;;;;;;;;;;;;;;;;;96,019;;;;
729;;;;;;;;;;;;;;;-30,157;;;;;;;;;;;;;;;;;;
730;;;;;;;;;;;;;;;;;;;;;;;;;;16,113;;;;;;;
731;;;;;;;;;-19,533;;;;;;;;;;;;;;;;;;;;;;;;
732;;;;;;;;;;;;;-14,067;;;;;;;;;;;;;;;;;;;;
733;;;;;;;-574;;;;;;;;;;;;;;;;;;;;;;;;;;
734;;;;;;;;;;;;;;;;2,901;;;;;;;;;;;;;;;;;
735;;;;;;;;;;;;;;-14,997;;;;;;;;;;;;;;;;;;;
736;;;;;;;;;;;;;;;;;;;;;;;;;;;;;;;;0;
737;;;;;;;;;;;;;;;;;;;;;;;;;;;;;;;65,862;;
738;;;;;;;;;;;;;;;;;;;;;;;;;;;;;;-241;;;
739;;;;;;;;;;;;;;;;;;;;;;;0;;;;;;;;;;
740;;;-241;;;;;;;;;;;;;;;;;;;;;;;;;;;;;;
741;;;;;;;;;;;;;;;;;;;;;;;;;;;65,621;;;;;;
742;;;;;;;;;;;;;;;;;;;;-15,692;;;;;;;;;;;;;
743;;;;;;;;;;;0;;;;;;;;;;;;;;;;;;;;;;
744;;;;;;;;;;;;;;;;;;-11,815;;;;;;;;;;;;;;;
745;;;;;;;;;;;;;;;;;;;;;;;;;;;;;;;;;0
746;;;;;;;;;;;;;;;;;0;;;;;;;;;;;;;;;;
747;;;;;;;;;;;;38,114;;;;;;;;;;;;;;;;;;;;;
748;;;;;;;;;;;;;;;;;;;;;;;;;166,337;;;;;;;;
749;;;;;;;;-62,65;;;;;;;;;;;;;;;;;;;;;;;;;
750;;;;;;;;;;;;;;;;;;;;;;;;;;;;;103,687;;;;
751;;;;;;;;;;;;;;;-40,091;;;;;;;;;;;;;;;;;;
752;;;;;;;;;;;;;;;;;;;;;;;;;;13,44;;;;;;;
753;;;;;;;;;-17,48;;;;;;;;;;;;;;;;;;;;;;;;
754;;;;;;;;;;;;;-13,181;;;;;;;;;;;;;;;;;;;;
755;;;;;;;-538;;;;;;;;;;;;;;;;;;;;;;;;;;
756;;;;;;;;;;;;;;;;2,898;;;;;;;;;;;;;;;;;
757;;;;;;;;;;;;;;-25,23;;;;;;;;;;;;;;;;;;;
758;;;;;;;;;;;;;;;;;;;;;;;;;;;;;;;;0;
759;;;;;;;;;;;;;;;;;;;;;;;;;;;;;;;63,596;;
760;;;;;;;;;;;;;;;;;;;;;;;;;;;;;;-1,049;;;
761;;;;;;;;;;;;;;;;;;;;;;;0;;;;;;;;;;
762;;;-1,049;;;;;;;;;;;;;;;;;;;;;;;;;;;;;;
763;;;;;;;;;;;;;;;;;;;;;;;;;;;62,547;;;;;;
764;;;;;;;;;;;;;;;;;;;;-17,917;;;;;;;;;;;;;
765;;;;;;;;;;;0;;;;;;;;;;;;;;;;;;;;;;
766;;;;;;;;;;;;;;;;;;-9,245;;;;;;;;;;;;;;;
767;;;;;;;;;;;;;;;;;;;;;;;;;;;;;;;;;0
768;;;;;;;;;;;;;;;;;0;;;;;;;;;;;;;;;;
769;;;;;;;;;;;;35,385;;;;;;;;;;;;;;;;;;;;;
770;;;;;;;;;;;;;;;;;;;;;;;;;185,744;;;;;;;;
771;;;;;;;;-122,278;;;;;;;;;;;;;;;;;;;;;;;;;
772;;;;;;;;;;;;;;;;;;;;;;;;;;;;;63,466;;;;
773;;;;;;;;;;;;;;;-24,023;;;;;;;;;;;;;;;;;;
774;;;;;;;;;;;;;;;;;;;;;;;;;;10,302;;;;;;;
775;;;;;;;;;-20,639;;;;;;;;;;;;;;;;;;;;;;;;
776;;;;;;;;;;;;;-12,328;;;;;;;;;;;;;;;;;;;;
777;;;;;;;-549;;;;;;;;;;;;;;;;;;;;;;;;;;
778;;;;;;;;;;;;;;;;2,596;;;;;;;;;;;;;;;;;
779;;;;;;;;;;;;;;-3,405;;;;;;;;;;;;;;;;;;;
780;;;;;;;;;;;;;;;;;;;;;;;;;;;;;;;;0;
781;;;;;;;;;;;;;;;;;;;;;;;;;;;;;;;39,443;;
782;;;;;;;;;;;;;;;;;;;;;;;;;;;;;;-1,708;;;
783;;;;;;;;;;;;;;;;;;;;;;;7;;;;;;;;;;
784;;;-1,715;;;;;;;;;;;;;;;;;;;;;;;;;;;;;;
785;;;;;;;;;;;;;;;;;;;;;;;;;;;37,735;;;;;;
786;;;;;;;;;;;;;;;;;;;;-3,924;;;;;;;;;;;;;
787;;;;;;;;;;;0;;;;;;;;;;;;;;;;;;;;;;
788;;;;;;;;;;;;;;;;;;-7,5;;;;;;;;;;;;;;;
789;;;;;;;;;;;;;;;;;;;;;;;;;;;;;;;;;0
790;;;;;;;;;;;;;;;;;0;;;;;;;;;;;;;;;;
791;;;;;;;;;;;;26,311;;;;;;;;;;;;;;;;;;;;;
792;;;;;;;;;;;;;;;;;;;;;;;;;402,452;;;;;;;;
793;;;;;;;;-377,181;;;;;;;;;;;;;;;;;;;;;;;;;
794;;;;;;;;;;;;;;;;;;;;;;;;;;;;;25,271;;;;
795;;;;;;;;;;;;;;;-13,544;;;;;;;;;;;;;;;;;;
796;;;;;;;;;;;;;;;;;;;;;;;;;;11,179;;;;;;;
797;;;;;;;;;-20,74;;;;;;;;;;;;;;;;;;;;;;;;
798;;;;;;;;;;;;;-26,424;;;;;;;;;;;;;;;;;;;;
799;;;;;;;-635;;;;;;;;;;;;;;;;;;;;;;;;;;
800;;;;;;;;;;;;;;;;16,738;;;;;;;;;;;;;;;;;
801;;;;;;;;;;;;;;6,338;;;;;;;;;;;;;;;;;;;
802;;;;;;;;;;;;;;;;;;;;;;;;;;;;;;;;0;
803;;;;;;;;;;;;;;;;;;;;;;;;;;;;;;;11,727;;
804;;;;;;;;;;;;;;;;;;;;;;;;;;;;;;1;;;
805;;;;;;;;;;;;;;;;;;;;;;;1;;;;;;;;;;
806;;;0;;;;;;;;;;;;;;;;;;;;;;;;;;;;;;
807;;;;;;;;;;;;;;;;;;;;;;;;;;;11,728;;;;;;
808;;;;;;;;;;;;;;;;;;;;13,322;;;;;;;;;;;;;
809;;;;;;;;;;;0;;;;;;;;;;;;;;;;;;;;;;
810;;;;;;;;;;;;;;;;;;-4,755;;;;;;;;;;;;;;;
811;;;;;;;;;;;;;;;;;;;;;;;;;;;;;;;;;0
812;;;;;;;;;;;;;;;;;0;;;;;;;;;;;;;;;;
813;;;;;;;;;;;;20,295;;;;;;;;;;;;;;;;;;;;;
814;;;;;;;;;;;;;;;;;;;;;;;;;304,883;;;;;;;;
815;;;;;;;;-234,763;;;;;;;;;;;;;;;;;;;;;;;;;
816;;;;;;;;;;;;;;;;;;;;;;;;;;;;;70,12;;;;
817;;;;;;;;;;;;;;;-276;;;;;;;;;;;;;;;;;;
818;;;;;;;;;;;;;;;;;;;;;;;;;;12,068;;;;;;;
819;;;;;;;;;-17,594;;;;;;;;;;;;;;;;;;;;;;;;
820;;;;;;;;;;;;;-12,312;;;;;;;;;;;;;;;;;;;;
821;;;;;;;-786;;;;;;;;;;;;;;;;;;;;;;;;;;
822;;;;;;;;;;;;;;;;19,809;;;;;;;;;;;;;;;;;
823;;;;;;;;;;;;;;-1,461;;;;;;;;;;;;;;;;;;;
824;;;;;;;;;;;;;;;;;;;;;;;;;;;;;;;;0;
825;;;;;;;;;;;;;;;;;;;;;;;;;;;;;;;69,844;;
826;;;;;;;;;;;;;;;;;;;;;;;;;;;;;;1,205;;;
827;;;;;;;;;;;;;;;;;;;;;;;1,207;;;;;;;;;;
828;;;-2;;;;;;;;;;;;;;;;;;;;;;;;;;;;;;
829;;;;;;;;;;;;;;;;;;;;;;;;;;;71,049;;;;;;
830;;;;;;;;;;;;;;;;;;;;-8,679;;;;;;;;;;;;;
831;;;;;;;;;;;0;;;;;;;;;;;;;;;;;;;;;;
832;;;;;;;;;;;;;;;;;;-13,961;;;;;;;;;;;;;;;
833;;;;;;;;;;;;;;;;;;;;;;;;;;;;;;;;;0
834;;;;;;;;;;;;;;;;;0;;;;;;;;;;;;;;;;
835;;;;;;;;;;;;48,409;;;;;;;;;;;;;;;;;;;;;
836;;;;;;;;;;;;;;;;;;;;;;;;;149,993;;;;;;;;
837;;;;;;;;-53,31;;;;;;;;;;;;;;;;;;;;;;;;;
838;;;;;;;;;;;;;;;;;;;;;;;;;;;;;96,683;;;;
839;;;;;;;;;;;;;;;-24,014;;;;;;;;;;;;;;;;;;
840;;;;;;;;;;;;;;;;;;;;;;;;;;10,77;;;;;;;
841;;;;;;;;;-16,031;;;;;;;;;;;;;;;;;;;;;;;;
842;;;;;;;;;;;;;-10,873;;;;;;;;;;;;;;;;;;;;
843;;;;;;;-705;;;;;;;;;;;;;;;;;;;;;;;;;;
844;;;;;;;;;;;;;;;;2,427;;;;;;;;;;;;;;;;;
845;;;;;;;;;;;;;;-9,602;;;;;;;;;;;;;;;;;;;
846;;;;;;;;;;;;;;;;;;;;;;;;;;;;;;;;0;
847;;;;;;;;;;;;;;;;;;;;;;;;;;;;;;;72,669;;
848;;;;;;;;;;;;;;;;;;;;;;;;;;;;;;-2;;;
849;;;;;;;;;;;;;;;;;;;;;;;0;;;;;;;;;;
850;;;-2;;;;;;;;;;;;;;;;;;;;;;;;;;;;;;
851;;;;;;;;;;;;;;;;;;;;;;;;;;;72,667;;;;;;
852;;;;;;;;;;;;;;;;;;;;-17,431;;;;;;;;;;;;;
853;;;;;;;;;;;0;;;;;;;;;;;;;;;;;;;;;;
854;;;;;;;;;;;;;;;;;;-11,858;;;;;;;;;;;;;;;
855;;;;;;;;;;;;;;;;;;;;;;;;;;;;;;;;;0
856;;;;;;;;;;;;;;;;;0;;;;;;;;;;;;;;;;
857;;;;;;;;;;;;43,378;;;;;;;;;;;;;;;;;;;;;
858;;;;;;;;;;;;;;;;;;;;;;;;;210,938;;;;;;;;
859;;;;;;;;-130,989;;;;;;;;;;;;;;;;;;;;;;;;;
860;;;;;;;;;;;;;;;;;;;;;;;;;;;;;79,949;;;;
861;;;;;;;;;;;;;;;-15,752;;;;;;;;;;;;;;;;;;
862;;;;;;;;;;;;;;;;;;;;;;;;;;9,124;;;;;;;
863;;;;;;;;;-14,181;;;;;;;;;;;;;;;;;;;;;;;;
864;;;;;;;;;;;;;-9,685;;;;;;;;;;;;;;;;;;;;
865;;;;;;;-779;;;;;;;;;;;;;;;;;;;;;;;;;;
866;;;;;;;;;;;;;;;;2,057;;;;;;;;;;;;;;;;;
867;;;;;;;;;;;;;;-2,288;;;;;;;;;;;;;;;;;;;
868;;;;;;;;;;;;;;;;;;;;;;;;;;;;;;;;0;
869;;;;;;;;;;;;;;;;;;;;;;;;;;;;;;;64,197;;
870;;;;;;;;;;;;;;;;;;;;;;;;;;;;;;0;;;
871;;;;;;;;;;;;;;;;;;;;;;;0;;;;;;;;;;
872;;;0;;;;;;;;;;;;;;;;;;;;;;;;;;;;;;
873;;;;;;;;;;;;;;;;;;;;;;;;;;;64,197;;;;;;
874;;;;;;;;;;;;;;;;;;;;-11,672;;;;;;;;;;;;;
875;;;;;;;;;;;0;;;;;;;;;;;;;;;;;;;;;;
876;;;;;;;;;;;;;;;;;;-14,519;;;;;;;;;;;;;;;
877;;;;;;;;;;;;;;;;;;;;;;;;;;;;;;;;;0
878;;;;;;;;;;;;;;;;;0;;;;;;;;;;;;;;;;
879;;;;;;;;;;;;38,006;;;;;;;;;;;;;;;;;;;;;
880;;;;;;;;;;;;;;;;;;;;;;;;;152,492;;;;;;;;
881;;;;;;;;-70,234;;;;;;;;;;;;;;;;;;;;;;;;;
882;;;;;;;;;;;;;;;;;;;;;;;;;;;;;82,258;;;;
883;;;;;;;;;;;;;;;-21,879;;;;;;;;;;;;;;;;;;
884;;;;;;;;;;;;;;;;;;;;;;;;;;12,398;;;;;;;
885;;;;;;;;;-14,586;;;;;;;;;;;;;;;;;;;;;;;;
886;;;;;;;;;;;;;-10,816;;;;;;;;;;;;;;;;;;;;
887;;;;;;;-871;;;;;;;;;;;;;;;;;;;;;;;;;;
888;;;;;;;;;;;;;;;;1,243;;;;;;;;;;;;;;;;;
889;;;;;;;;;;;;;;-9,247;;;;;;;;;;;;;;;;;;;
890;;;;;;;;;;;;;;;;;;;;;;;;;;;;;;;;0;
891;;;;;;;;;;;;;;;;;;;;;;;;;;;;;;;60,379;;
892;;;;;;;;;;;;;;;;;;;;;;;;;;;;;;-25;;;
893;;;;;;;;;;;;;;;;;;;;;;;0;;;;;;;;;;
894;;;-25;;;;;;;;;;;;;;;;;;;;;;;;;;;;;;
895;;;;;;;;;;;;;;;;;;;;;;;;;;;60,354;;;;;;
896;;;;;;;;;;;;;;;;;;;;1,026;;;;;;;;;;;;;
897;;;;;;;;;;;0;;;;;;;;;;;;;;;;;;;;;;
898;;;;;;;;;;;;;;;;;;-11,24;;;;;;;;;;;;;;;
899;;;;;;;;;;;;;;;;;;;;;;;;;;;;;;;;;0
900;;;;;;;;;;;;;;;;;0;;;;;;;;;;;;;;;;
901;;;;;;;;;;;;50,14;;;;;;;;;;;;;;;;;;;;;
902;;;;;;;;;;;;;;;;;;;;;;;;;129,33;;;;;;;;
903;;;;;;;;-73,439;;;;;;;;;;;;;;;;;;;;;;;;;
904;;;;;;;;;;;;;;;;;;;;;;;;;;;;;55,891;;;;
905;;;;;;;;;;;;;;;-45,929;;;;;;;;;;;;;;;;;;
906;;;;;;;;;;;;;;;;;;;;;;;;;;9,332;;;;;;;
907;;;;;;;;;-12,466;;;;;;;;;;;;;;;;;;;;;;;;
908;;;;;;;;;;;;;-38,679;;;;;;;;;;;;;;;;;;;;
909;;;;;;;-1,04;;;;;;;;;;;;;;;;;;;;;;;;;;
910;;;;;;;;;;;;;;;;1,664;;;;;;;;;;;;;;;;;
911;;;;;;;;;;;;;;-4,74;;;;;;;;;;;;;;;;;;;
912;;;;;;;;;;;;;;;;;;;;;;;;;;;;;;;;0;
913;;;;;;;;;;;;;;;;;;;;;;;;;;;;;;;9,962;;
914;;;;;;;;;;;;;;;;;;;;;;;;;;;;;;-350;;;
915;;;;;;;;;;;;;;;;;;;;;;;293;;;;;;;;;;
916;;;-643;;;;;;;;;;;;;;;;;;;;;;;;;;;;;;
917;;;;;;;;;;;;;;;;;;;;;;;;;;;9,612;;;;;;
918;;;;;;;;;;;;;;;;;;;;-1,97;;;;;;;;;;;;;
919;;;;;;;;;;;0;;;;;;;;;;;;;;;;;;;;;;
920;;;;;;;;;;;;;;;;;;-4,457;;;;;;;;;;;;;;;
921;;;;;;;;;;;;;;;;;;;;;;;;;;;;;;;;;0
922;;;;;;;;;;;;;;;;;0;;;;;;;;;;;;;;;;
923;;;;;;;;;;;;3,185;;;;;;;;;;;;;;;;;;;;;
924;;;;;;;;;;;;;;;;;;;;;0;;;;;;;;;;;;
925;;0;;;;;;;;;;;;;;;;;;;;;;;;;;;;;;;
926;;;;;;;;;;;;;;;;;;;;;;;;;;;;;;;;;
927;;;;;;;;;;;;;;;;;;;;;;;;;;;;;;;;;
928;;;;;;;;;;;;;;;;;;;;;;;;;;;;;;;;;
929;;;;;;;;;;;;;;;;;;;;;;;;;;;;;;;;;
930;;;;;;;;;;;;;;;;;;;;;;;;;;;;;;;;;
931;;;;;;;;;;;;;;;;;;;0;;;;;;;;;;;;;;
932;;;;;;;;;;;;;;;;476,209;;;;;;;;;;;;;;;;;
933;;;;;;;;;;;;;;-53,318;;;;;;;;;;;;;;;;;;;
934;;;;;;;;;;;;;;;;;;;;;;;;;;;;;;;;-4,881;
935;;;;;;;;;;;;;;;;;;;;;;;;;;;;;;;;;
936;;;;;;;;;;;;;;;;;;;;;;;;341,734;;;;;;;;;
937;;;;;;;;;;;;;;;;;;;;;;;;;;;;;;;;;
938;;;;;;;;;;;;;;;;;;;;;;;;;;;;;;0;;;
939;;;;;;;;;;;;;;;;;;;;;;;0;;;;;;;;;;
940;;;0;;;;;;;;;;;;;;;;;;;;;;;;;;;;;;
941;;;;;;;;;;;;;;;;;;;;;;;;;;;;;;;;;
942;;;;;;;;;;;;;;;;;;;;-358,014;;;;;;;;;;;;;
943;;;;;;;;;;;;;;;;;;;;;;;;;;;;;;;;;
944;;;;;;;;;;;;;;;;;;0;;;;;;;;;;;;;;;
945;;;;;;;;;;;;;;;;;;;;;;;;;;;;;;;;;0
946;;;;;;;;;;;;;;;;;-179,888;;;;;;;;;;;;;;;;
947;;;;;;;;;;;;;;;;;;;;;;;;;;;;;;;;;
948;;;;;;;;;;;;;;;;;;;;;0;;;;;;;;;;;;
949;;0;;;;;;;;;;;;;;;;;;;;;;;;;;;;;;;
950;;;;;;;;;;;;;;;;;;;;;;;;;;;;;;;;;
951;;;;;;;;;;;;;;;;;;;;;;;;;;;;;;;;;
952;;;;;;;;;;;;;;;;;;;;;;;;;;;;;;;;;
953;;;;;;;;;;;;;;;;;;;;;;;;;;;;;;;;;
954;;;;;;-528,467;;;;;;;;;;;;;;;;;;;;;;;;;;;
955;;;;;;;;;;;;;;;;;;;0;;;;;;;;;;;;;;
956;;;;;;;;;;;;;;;;289,77;;;;;;;;;;;;;;;;;
957;;;;;;;;;;;;;;-56,673;;;;;;;;;;;;;;;;;;;
958;;;;;;;;;;;;;;;;;;;;;;;;;;;;;;;;-4,535;
959;;;;;;;;;;-674,932;;;;;;;;;;;;;;;;;;;;;;;
960;;;;;;;;;;;;;;;;;;;;;;;;186,131;;;;;;;;;
961;;;;;-861,063;;;;;;;;;;;;;;;;;;;;;;;;;;;;
962;;;;;;;;;;;;;;;;;;;;;;;;;;;;;;0;;;
963;;;;;;;;;;;;;;;;;;;;;;;0;;;;;;;;;;
964;;;0;;;;;;;;;;;;;;;;;;;;;;;;;;;;;;
965;;;;;;;;;;;;;;;;;;;;;;;;;;;;;;;;;
966;;;;;;;;;;;;;;;;;;;;;;;;;;;;;;;;;
967;;;;;;;;;;;917,454;;;;;;;;;;;;;;;;;;;;;;
968;;;;;;;;;;;;;;;;;;0;;;;;;;;;;;;;;;
969;;;;;;;;;;;;;;;;;;;;;;;;;;;;;;;;;0
970;;;;;;;;;;;;;;;;;-136,267;;;;;;;;;;;;;;;;
971;;;;;;;;;;;;223;;;;;;;;;;;;;;;;;;;;;
972;;;;;;;;;;;;;;;;;;;;;0;;;;;;;;;;;;
973;;0;;;;;;;;;;;;;;;;;;;;;;;;;;;;;;;
974;;;;;;;;;;;;;;;;;;;;;;;;;;;;;;;;;
975;;;;;;;;;;;;;;;;;;;;;;;;;;;;;;;;;
976;;;;;;;;;;;;;;;;;;;;;;;;;;;;;;;;;
977;;;;;;;;;;;;;;;;;;;;;;;;;;;;;;;;;
978;;;;;;-520,78;;;;;;;;;;;;;;;;;;;;;;;;;;;
979;;;;;;;;;;;;;;;;;;;0;;;;;;;;;;;;;;
980;;;;;;;;;;;;;;;;258,148;;;;;;;;;;;;;;;;;
981;;;;;;;;;;;;;;-67,663;;;;;;;;;;;;;;;;;;;
982;;;;;;;;;;;;;;;;;;;;;;;;;;;;;;;;5,269;
983;;;;;;;;;;-698,822;;;;;;;;;;;;;;;;;;;;;;;
984;;;;;;;;;;;;;;;;;;;;;;;;122,87;;;;;;;;;
985;;;;;-821,692;;;;;;;;;;;;;;;;;;;;;;;;;;;;
986;;;;;;;;;;;;;;;;;;;;;;;;;;;;;;0;;;
987;;;;;;;;;;;;;;;;;;;;;;;0;;;;;;;;;;
988;;;0;;;;;;;;;;;;;;;;;;;;;;;;;;;;;;
989;;;;;;;;;;;;;;;;;;;;;;;;;;;;;;;;;
990;;;;;;;;;;;;;;;;;;;;-577,296;;;;;;;;;;;;;
991;;;;;;;;;;;356,837;;;;;;;;;;;;;;;;;;;;;;
992;;;;;;;;;;;;;;;;;;0;;;;;;;;;;;;;;;
993;;;;;;;;;;;;;;;;;;;;;;;;;;;;;;;;;0
994;;;;;;;;;;;;;;;;;-111,685;;;;;;;;;;;;;;;;
995;;;;;;;;;;;;;;;;;;;;;;;;;;;;;;;;;
996;;;;;;;;;;;;;;;;;;;;;0;;;;;;;;;;;;
997;;0;;;;;;;;;;;;;;;;;;;;;;;;;;;;;;;
998;;;;;;;;;;;;;;;;;;;;;;;;;;;;;;;;;
999;;;;;;;;;;;;;;;;;;;;;;;;;;;;;;;;;
1000;;;;;;;;;;;;;;;;;;;;;;;;;;;;;;;;;
1001;;;;;;;;;;;;;;;;;;;;;;;;;;;;;;;;;
1002;;;;;;-555,659;;;;;;;;;;;;;;;;;;;;;;;;;;;
1003;;;;;;;;;;;;;;;;;;;0;;;;;;;;;;;;;;
1004;;;;;;;;;;;;;;;;314,82;;;;;;;;;;;;;;;;;
1005;;;;;;;;;;;;;;-52,688;;;;;;;;;;;;;;;;;;;
1006;;;;;;;;;;;;;;;;;;;;;;;;;;;;;;;;1,032;
1007;;;;;;;;;;-872,595;;;;;;;;;;;;;;;;;;;;;;;
1008;;;;;;;;;;;;;;;;;;;;;;;;123,663;;;;;;;;;
1009;;;;;-996,258;;;;;;;;;;;;;;;;;;;;;;;;;;;;
1010;;;;;;;;;;;;;;;;;;;;;;;;;;;;;;0;;;
1011;;;;;;;;;;;;;;;;;;;;;;;0;;;;;;;;;;
1012;;;0;;;;;;;;;;;;;;;;;;;;;;;;;;;;;;
1013;;;;;;;;;;;;;;;;;;;;;;;;;;;;;;;;;
1014;;;;;;;;;;;;;;;;;;;;-681,759;;;;;;;;;;;;;
1015;;;;;;;;;;;343,246;;;;;;;;;;;;;;;;;;;;;;
1016;;;;;;;;;;;;;;;;;;0;;;;;;;;;;;;;;;
1017;;;;;;;;;;;;;;;;;;;;;;;;;;;;;;;;;0
1018;;;;;;;;;;;;;;;;;-90,696;;;;;;;;;;;;;;;;
1019;;;;;;;;;;;;;;;;;;;;;;;;;;;;;;;;;
1020;;;;;;;;;;;;;;;;;;;;;0;;;;;;;;;;;;
1021;;0;;;;;;;;;;;;;;;;;;;;;;;;;;;;;;;
1022;;;;;;;;;;;;;;;;;;;;;;;;;;;;;;;;;
1023;;;;;;;;;;;;;;;;;;;;;;;;;;;;;;;;;
1024;;;;;;;;;;;;;;;;;;;;;;;;;;;;;;;;;
1025;;;;;;;;;;;;;;;;;;;;;;;;;;;;;;;;;
1026;;;;;;-573,853;;;;;;;;;;;;;;;;;;;;;;;;;;;
1027;;;;;;;;;;;;;;;;;;;0;;;;;;;;;;;;;;
1028;;;;;;;;;;;;;;;;;;;;;;;;;;;;;;;;;
1029;;;;;;;;;;;;;;-174,506;;;;;;;;;;;;;;;;;;;
1030;;;;;;;;;;;;;;;;;;;;;;;;;;;;;;;;-3,441;
1031;;;;;;;;;;-908,184;;;;;;;;;;;;;;;;;;;;;;;
1032;;;;;;;;;;;;;;;;;;;;;;;;299,859;;;;;;;;;
1033;;;;;;;;;;;;;;;;;;;;;;;;;;;;;;;;;
1034;;;;;;;;;;;;;;;;;;;;;;;;;;;;;;0;;;
1035;;;;;;;;;;;;;;;;;;;;;;;0;;;;;;;;;;
1036;;;0;;;;;;;;;;;;;;;;;;;;;;;;;;;;;;
1037;;;;;;;;;;;;;;;;;;;;;;;;;;;;;;;;;
1038;;;;;;;;;;;;;;;;;;;;;;;;;;;;;;;;;
1039;;;;;;;;;;;;;;;;;;;;;;;;;;;;;;;;;
1040;;;;;;;;;;;;;;;;;;0;;;;;;;;;;;;;;;
1041;;;;;;;;;;;;;;;;;;;;;;;;;;;;;;;;;0
1042;;;;;;;;;;;;;;;;;-161,375;;;;;;;;;;;;;;;;
1043;;;;;;;;;;;;;;;;;;;;;;;;;;;;;;;;;
1044;;;;;;;;;;;;;;;;;;;;;0;;;;;;;;;;;;
1045;;0;;;;;;;;;;;;;;;;;;;;;;;;;;;;;;;
1046;;;;;;;;;;;;;;;;;;;;;;;;;;;;;;;;;
1047;;;;;;;;;;;;;;;;;;;;;;;;;;;;;;;;;
1048;;;;;;;;;;;;;;;;;;;;;;;;;;;;;;;;;
1049;;;;;;;;;;;;;;;;;;;;;;;;;;;;;;;;;
1050;;;;;;-505,055;;;;;;;;;;;;;;;;;;;;;;;;;;;
1051;;;;;;;;;;;;;;;;;;;0;;;;;;;;;;;;;;
1052;;;;;;;;;;;;;;;;364,363;;;;;;;;;;;;;;;;;
1053;;;;;;;;;;;;;;-37,83;;;;;;;;;;;;;;;;;;;
1054;;;;;;;;;;;;;;;;;;;;;;;;;;;;;;;;-9,381;
1055;;;;;;;;;;-722,633;;;;;;;;;;;;;;;;;;;;;;;
1056;;;;;;;;;;;;;;;;;;;;;;;;137,828;;;;;;;;;
1057;;;;;-860,461;;;;;;;;;;;;;;;;;;;;;;;;;;;;
1058;;;;;;;;;;;;;;;;;;;;;;;;;;;;;;0;;;
1059;;;;;;;;;;;;;;;;;;;;;;;0;;;;;;;;;;
1060;;;0;;;;;;;;;;;;;;;;;;;;;;;;;;;;;;
1061;;;;;;;;;;;;;;;;;;;;;;;;;;;;;;;;;
1062;;;;;;;;;;;;;;;;;;;;-524,936;;;;;;;;;;;;;
1063;;;;;;;;;;;;;;;;;;;;;;;;;;;;;;;;;
1064;;;;;;;;;;;;;;;;;;0;;;;;;;;;;;;;;;
1065;;;;;;;;;;;;;;;;;;;;;;;;;;;;;;;;;0
1066;;;;;;;;;;;;;;;;;-121,917;;;;;;;;;;;;;;;;
1067;;;;;;;;;;;;;;;;;;;;;;;;;;;;;;;;;
1068;;;;;;;;;;;;;;;;;;;;;0;;;;;;;;;;;;
1069;;0;;;;;;;;;;;;;;;;;;;;;;;;;;;;;;;
1070;;;;;;;;;;;;;;;;;;;;;;;;;;;;;;;;;
1071;;;;;;;;;;;;;;;;;;;;;;;;;;;;;;;;;
1072;;;;;;;;;;;;;;;;;;;;;;;;;;;;;;;;;
1073;;;;;;;;;;;;;;;;;;;;;;;;;;;;;;;;;
1074;;;;;;-553,551;;;;;;;;;;;;;;;;;;;;;;;;;;;
1075;;;;;;;;;;;;;;;;;;;0;;;;;;;;;;;;;;
1076;;;;;;;;;;;;;;;;384,092;;;;;;;;;;;;;;;;;
1077;;;;;;;;;;;;;;-75,186;;;;;;;;;;;;;;;;;;;
1078;;;;;;;;;;;;;;;;;;;;;;;;;;;;;;;;388;
1079;;;;;;;;;;-899,883;;;;;;;;;;;;;;;;;;;;;;;
1080;;;;;;;;;;;;;;;;;;;;;;;;136,108;;;;;;;;;
1081;;;;;;;;;;;;;;;;;;;;;;;;;;;;;;;;;
1082;;;;;;;;;;;;;;;;;;;;;;;;;;;;;;0;;;
1083;;;;;;;;;;;;;;;;;;;;;;;0;;;;;;;;;;
1084;;;0;;;;;;;;;;;;;;;;;;;;;;;;;;;;;;
1085;;;;;;;;;;;;;;;;;;;;;;;;;;;;;;;;;
1086;;;;;;;;;;;;;;;;;;;;-533,547;;;;;;;;;;;;;
1087;;;;;;;;;;;306,964;;;;;;;;;;;;;;;;;;;;;;
1088;;;;;;;;;;;;;;;;;;0;;;;;;;;;;;;;;;
1089;;;;;;;;;;;;;;;;;;;;;;;;;;;;;;;;;0
1090;;;;;;;;;;;;;;;;;-126,367;;;;;;;;;;;;;;;;
1091;;;;;;;;;;;;;;;;;;;;;;;;;;;;;;;;;
1092;;;;;;;;;;;;;;;;;;;;;0;;;;;;;;;;;;
1093;;0;;;;;;;;;;;;;;;;;;;;;;;;;;;;;;;
1094;;;;;;;;;;;;;;;;;;;;;;;;;;;;;;;;;
1095;;;;;;;;;;;;;;;;;;;;;;;;;;;;;;;;;
1096;;;;;;;;;;;;;;;;;;;;;;;;;;;;;;;;;
1097;;;;;;;;;;;;;;;;;;;;;;;;;;;;;;;;;
1098;;;;;;-533,638;;;;;;;;;;;;;;;;;;;;;;;;;;;
1099;;;;;;;;;;;;;;;;;;;0;;;;;;;;;;;;;;
1100;;;;;;;;;;;;;;;;488,332;;;;;;;;;;;;;;;;;
1101;;;;;;;;;;;;;;-102,236;;;;;;;;;;;;;;;;;;;
1102;;;;;;;;;;;;;;;;;;;;;;;;;;;;;;;;7,449;
1103;;;;;;;;;;;;;;;;;;;;;;;;;;;;;;;;;
1104;;;;;;;;;;;;;;;;;;;;;;;;322,152;;;;;;;;;
1105;;;;;;;;;;;;;;;;;;;;;;;;;;;;;;;;;
1106;;;;;;;;;;;;;;;;;;;;;;;;;;;;;;0;;;
1107;;;;;;;;;;;;;;;;;;;;;;;0;;;;;;;;;;
1108;;;0;;;;;;;;;;;;;;;;;;;;;;;;;;;;;;
1109;;;;;;;;;;;;;;;;;;;;;;;;;;;;;;;;;
1110;;;;;;;;;;;;;;;;;;;;-638,854;;;;;;;;;;;;;
1111;;;;;;;;;;;302,471;;;;;;;;;;;;;;;;;;;;;;
1112;;;;;;;;;;;;;;;;;;0;;;;;;;;;;;;;;;
1113;;;;;;;;;;;;;;;;;;;;;;;;;;;;;;;;;0
1114;;;;;;;;;;;;;;;;;-127,128;;;;;;;;;;;;;;;;
1115;;;;;;;;;;;;;;;;;;;;;;;;;;;;;;;;;
1116;;;;;;;;;;;;;;;;;;;;;0;;;;;;;;;;;;
1117;;0;;;;;;;;;;;;;;;;;;;;;;;;;;;;;;;
1118;;;;;;;;;;;;;;;;;;;;;;;;;;;;;;;;;
1119;;;;;;;;;;;;;;;;;;;;;;;;;;;;;;;;;
1120;;;;;;;;;;;;;;;;;;;;;;;;;;;;;;;;;
1121;;;;;;;;;;;;;;;;;;;;;;;;;;;;;;;;;
1122;;;;;;-653,252;;;;;;;;;;;;;;;;;;;;;;;;;;;
1123;;;;;;;;;;;;;;;;;;;0;;;;;;;;;;;;;;
1124;;;;;;;;;;;;;;;;749,461;;;;;;;;;;;;;;;;;
1125;;;;;;;;;;;;;;-139,532;;;;;;;;;;;;;;;;;;;
1126;;;;;;;;;;;;;;;;;;;;;;;;;;;;;;;;-1,625;
1127;;;;;;;;;;;;;;;;;;;;;;;;;;;;;;;;;
1128;;;;;;;;;;;;;;;;;;;;;;;;458,431;;;;;;;;;
1129;;;;;;;;;;;;;;;;;;;;;;;;;;;;;;;;;
1130;;;;;;;;;;;;;;;;;;;;;;;;;;;;;;0;;;
1131;;;;;;;;;;;;;;;;;;;;;;;0;;;;;;;;;;
1132;;;0;;;;;;;;;;;;;;;;;;;;;;;;;;;;;;
1133;;;;;;;;;;;;;;;;;;;;;;;;;;;;;;;;;
1134;;;;;;;;;;;;;;;;;;;;602,026;;;;;;;;;;;;;
1135;;;;;;;;;;;;;;;;;;;;;;;;;;;;;;;;;
1136;;;;;;;;;;;;;;;;;;0;;;;;;;;;;;;;;;
1137;;;;;;;;;;;;;;;;;;;;;;;;;;;;;;;;;0
1138;;;;;;;;;;;;;;;;;-104,796;;;;;;;;;;;;;;;;
1139;;;;;;;;;;;;;;;;;;;;;;;;;;;;;;;;;
1140;;;;;;;;;;;;;;;;;;;;;0;;;;;;;;;;;;
1141;;0;;;;;;;;;;;;;;;;;;;;;;;;;;;;;;;
1142;;;;;;;;;;;;;;;;;;;;;;;;;;;;;;;;;
1143;;;;;;;;;;;;;;;;;;;;;;;;;;;;;;;;;
1144;;;;;;;;;;;;;;;;;;;;;;;;;;;;;;;;;
1145;;;;;;;;;;;;;;;;;;;;;;;;;;;;;;;;;
1146;;;;;;-569,504;;;;;;;;;;;;;;;;;;;;;;;;;;;
1147;;;;;;;;;;;;;;;;;;;0;;;;;;;;;;;;;;
1148;;;;;;;;;;;;;;;;465,555;;;;;;;;;;;;;;;;;
1149;;;;;;;;;;;;;;-64,937;;;;;;;;;;;;;;;;;;;
1150;;;;;;;;;;;;;;;;;;;;;;;;;;;;;;;;-274;
1151;;;;;;;;;;-316,637;;;;;;;;;;;;;;;;;;;;;;;
1152;;;;;;;;;;;;;;;;;;;;;;;;316,283;;;;;;;;;
1153;;;;;-632,92;;;;;;;;;;;;;;;;;;;;;;;;;;;;
1154;;;;;;;;;;;;;;;;;;;;;;;;;;;;;;0;;;
1155;;;;;;;;;;;;;;;;;;;;;;;0;;;;;;;;;;
1156;;;0;;;;;;;;;;;;;;;;;;;;;;;;;;;;;;
1157;;;;;;;;;;;;;;;;;;;;;;;;;;;;;;;;;
1158;;;;;;;;;;;;;;;;;;;;-525,99;;;;;;;;;;;;;
1159;;;;;;;;;;;-308,71;;;;;;;;;;;;;;;;;;;;;;
1160;;;;;;;;;;;;;;;;;;0;;;;;;;;;;;;;;;
1161;;;;;;;;;;;;;;;;;;;;;;;;;;;;;;;;;0
1162;;;;;;;;;;;;;;;;;-116,209;;;;;;;;;;;;;;;;
1163;;;;;;;;;;;;;;;;;;;;;;;;;;;;;;;;;
1164;;;;;;;;;;;;;;;;;;;;;0;;;;;;;;;;;;
1165;;0;;;;;;;;;;;;;;;;;;;;;;;;;;;;;;;
1166;;;;;;;;;;;;;;;;;;;;;;;;;;;;;;;;;
1167;;;;;;;;;;;;;;;;;;;;;;;;;;;;;;;;;
1168;;;;;;;;;;;;;;;;;;;;;;;;;;;;;;;;;
1169;;;;;;;;;;;;;;;;;;;;;;;;;;;;;;;;;
1170;;;;;;-536,985;;;;;;;;;;;;;;;;;;;;;;;;;;;
1171;;;;;;;;;;;;;;;;;;;0;;;;;;;;;;;;;;
1172;;;;;;;;;;;;;;;;494,447;;;;;;;;;;;;;;;;;
1173;;;;;;;;;;;;;;-385,107;;;;;;;;;;;;;;;;;;;
1174;;;;;;;;;;;;;;;;;;;;;;;;;;;;;;;;2,584;
1175;;;;;;;;;;-362,988;;;;;;;;;;;;;;;;;;;;;;;
1176;;;;;;;;;;;;;;;;;;;;;;;;229,262;;;;;;;;;
1177;;;;;-592,25;;;;;;;;;;;;;;;;;;;;;;;;;;;;
1178;;;;;;;;;;;;;;;;;;;;;;;;;;;;;;0;;;
1179;;;;;;;;;;;;;;;;;;;;;;;0;;;;;;;;;;
1180;;;0;;;;;;;;;;;;;;;;;;;;;;;;;;;;;;
1181;;;;;;;;;;;;;;;;;;;;;;;;;;;;;;;;;
1182;;;;;;;;;;;;;;;;;;;;-380,469;;;;;;;;;;;;;
1183;;;;;;;;;;;211,232;;;;;;;;;;;;;;;;;;;;;;
1184;;;;;;;;;;;;;;;;;;0;;;;;;;;;;;;;;;
1185;;;;;;;;;;;;;;;;;;;;;;;;;;;;;;;;;0
1186;;;;;;;;;;;;;;;;;-82,185;;;;;;;;;;;;;;;;
1187;;;;;;;;;;;;;;;;;;;;;;;;;;;;;;;;;
1188;;;;;;;;;;;;;;;;;;;;;0;;;;;;;;;;;;
1189;;0;;;;;;;;;;;;;;;;;;;;;;;;;;;;;;;
1190;;;;;;;;;;;;;;;;;;;;;;;;;;;;;;;;;
1191;;;;;;;;;;;;;;;;;;;;;;;;;;;;;;;;;
1192;;;;;;;;;;;;;;;;;;;;;;;;;;;;;;;;;
1193;;;;;;;;;;;;;;;;;;;;;;;;;;;;;;;;;
1194;;;;;;-521,515;;;;;;;;;;;;;;;;;;;;;;;;;;;
1195;;;;;;;;;;;;;;;;;;;0;;;;;;;;;;;;;;
1196;;;;;;;;;;;;;;;;508,894;;;;;;;;;;;;;;;;;
1197;;;;;;;;;;;;;;-49,918;;;;;;;;;;;;;;;;;;;
1198;;;;;;;;;;;;;;;;;;;;;;;;;;;;;;;;2,409;
1199;;;;;;;;;;-481,695;;;;;;;;;;;;;;;;;;;;;;;
1200;;;;;;;;;;;;;;;;;;;;;;;;290,25;;;;;;;;;
1201;;;;;-771,945;;;;;;;;;;;;;;;;;;;;;;;;;;;;
1202;;;;;;;;;;;;;;;;;;;;;;;;;;;;;;0;;;
1203;;;;;;;;;;;;;;;;;;;;;;;0;;;;;;;;;;
1204;;;0;;;;;;;;;;;;;;;;;;;;;;;;;;;;;;
1205;;;;;;;;;;;;;;;;;;;;;;;;;;;;;;;;;
1206;;;;;;;;;;;;;;;;;;;;-923,455;;;;;;;;;;;;;
1207;;;;;;;;;;;-28,029;;;;;;;;;;;;;;;;;;;;;;
1208;;;;;;;;;;;;;;;;;;0;;;;;;;;;;;;;;;
1209;;;;;;;;;;;;;;;;;;;;;;;;;;;;;;;;;0
1210;;;;;;;;;;;;;;;;;-152,18;;;;;;;;;;;;;;;;
1211;;;;;;;;;;;;;;;;;;;;;;;;;;;;;;;;;
1212;;;;;;;;;;;;;;;;;;;;;0;;;;;;;;;;;;
1213;;0;;;;;;;;;;;;;;;;;;;;;;;;;;;;;;;
1214;;;;;;;;;;;;;;;;;;;;;;;;;;;;;;;;;
1215;;;;;;;;;;;;;;;;;;;;;;;;;;;;;;;;;
1216;;;;;;;;;;;;;;;;;;;;;;;;;;;;;;;;;
1217;;;;;;;;;;;;;;;;;;;;;;;;;;;;;;;;;
1218;;;;;;-627,473;;;;;;;;;;;;;;;;;;;;;;;;;;;
1219;;;;;;;;;;;;;;;;;;;0;;;;;;;;;;;;;;
1220;;;;;;;;;;;;;;;;762,859;;;;;;;;;;;;;;;;;
1221;;;;;;;;;;;;;;-162,916;;;;;;;;;;;;;;;;;;;
1222;;;;;;;;;;;;;;;;;;;;;;;;;;;;;;;;4,165;
1223;;;;;;;;;;-587,49;;;;;;;;;;;;;;;;;;;;;;;
1224;;;;;;;;;;;;;;;;;;;;;;;;344,702;;;;;;;;;
1225;;;;;-932,192;;;;;;;;;;;;;;;;;;;;;;;;;;;;
1226;;;;;;;;;;;;;;;;;;;;;;;;;;;;;;0;;;
1227;;;;;;;;;;;;;;;;;;;;;;;0;;;;;;;;;;
1228;;;0;;;;;;;;;;;;;;;;;;;;;;;;;;;;;;
1229;;;;;;;;;;;;;;;;;;;;;;;;;;;;;;;;;
1230;;;;;;;;;;;;;;;;;;;;42,471;;;;;;;;;;;;;
1231;;;;;;;;;;;-859,414;;;;;;;;;;;;;;;;;;;;;;
1232;;;;;;;;;;;;;;;;;;0;;;;;;;;;;;;;;;
1233;;;;;;;;;;;;;;;;;;;;;;;;;;;;;;;;;0
1234;;;;;;;;;;;;;;;;;-120,675;;;;;;;;;;;;;;;;
1235;;;;;;;;;;;;;;;;;;;;;;;;;;;;;;;;;
1236;;;;;;;;;;;;;;;;;;;;;0;;;;;;;;;;;;
1237;;0;;;;;;;;;;;;;;;;;;;;;;;;;;;;;;;
1238;;;;;;;;;;;;;;;;;;;;;;;;;;;;;;;;;
1239;;;;;;;;;;;;;;;;;;;;;;;;;;;;;;;;;
1240;;;;;;;;;;;;;;;;;;;;;;;;;;;;;;;;;
1241;;;;;;;;;;;;;;;;;;;;;;;;;;;;;;;;;
1242;;;;;;-394,205;;;;;;;;;;;;;;;;;;;;;;;;;;;
1243;;;;;;;;;;;;;;;;;;;0;;;;;;;;;;;;;;
1244;;;;;;;;;;;;;;;;404,289;;;;;;;;;;;;;;;;;
1245;;;;;;;;;;;;;;-28,465;;;;;;;;;;;;;;;;;;;
1246;;;;;;;;;;;;;;;;;;;;;;;;;;;;;;;;3,043;
1247;;;;;;;;;;-221,091;;;;;;;;;;;;;;;;;;;;;;;
1248;;;;;;;;;;;;;;;;;;;;;;;;345,085;;;;;;;;;
1249;;;;;-566,176;;;;;;;;;;;;;;;;;;;;;;;;;;;;
1250;;;;;;;;;;;;;;;;;;;;;;;;;;;;;;0;;;
1251;;;;;;;;;;;;;;;;;;;;;;;0;;;;;;;;;;
1252;;;0;;;;;;;;;;;;;;;;;;;;;;;;;;;;;;
1253;;;;;;;;;;;;;;;;;;;;;;;;;;;;;;;;;
1254;;;;;;;;;;;;;;;;;;;;-857,676;;;;;;;;;;;;;
1255;;;;;;;;;;;475,888;;;;;;;;;;;;;;;;;;;;;;
1256;;;;;;;;;;;;;;;;;;0;;;;;;;;;;;;;;;
1257;;;;;;;;;;;;;;;;;;;;;;;;;;;;;;;;;0
1258;;;;;;;;;;;;;;;;;-76,946;;;;;;;;;;;;;;;;
1259;;;;;;;;;;;;;;;;;;;;;;;;;;;;;;;;;
1260;;;;;;;;;;;;;;;;;;;;;0;;;;;;;;;;;;
1261;;0;;;;;;;;;;;;;;;;;;;;;;;;;;;;;;;
1262;;;;;;;;;;;;;;;;;;;;;;;;;;;;;;;;;
1263;;;;;;;;;;;;;;;;;;;;;;;;;;;;;;;;;
1264;;;;;;;;;;;;;;;;;;;;;;;;;;;;;;;;;
1265;;;;;;;;;;;;;;;;;;;;;;;;;;;;;;;;;
1266;;;;;;-354,94;;;;;;;;;;;;;;;;;;;;;;;;;;;
1267;;;;;;;;;;;;;;;;;;;0;;;;;;;;;;;;;;
1268;;;;;;;;;;;;;;;;377,841;;;;;;;;;;;;;;;;;
1269;;;;;;;;;;;;;;-45,167;;;;;;;;;;;;;;;;;;;
1270;;;;;;;;;;;;;;;;;;;;;;;;;;;;;;;;2,3;
1271;;;;;;;;;;-298,002;;;;;;;;;;;;;;;;;;;;;;;
1272;;;;;;;;;;;;;;;;;;;;;;;;275,869;;;;;;;;;
1273;;;;;-573,871;;;;;;;;;;;;;;;;;;;;;;;;;;;;
1274;;;;;;;;;;;;;;;;;;;;;;;;;;;;;;0;;;
1275;;;;;;;;;;;;;;;;;;;;;;;0;;;;;;;;;;
1276;;;0;;;;;;;;;;;;;;;;;;;;;;;;;;;;;;
1277;;;;;;;;;;;;;;;;;;;;;;;;;;;;;;;;;
1278;;;;;;;;;;;;;;;;;;;;-286,887;;;;;;;;;;;;;
1279;;;;;;;;;;;30,916;;;;;;;;;;;;;;;;;;;;;;
1280;;;;;;;;;;;;;;;;;;0;;;;;;;;;;;;;;;
1281;;;;;;;;;;;;;;;;;;;;;;;;;;;;;;;;;0
1282;;;;;;;;;;;;;;;;;-48,724;;;;;;;;;;;;;;;;
1283;;;;;;;;;;;;;;;;;;;;;;;;;;;;;;;;;
1284;;;;;;;;;;;;;;;;;;;;;0;;;;;;;;;;;;
1285;;0;;;;;;;;;;;;;;;;;;;;;;;;;;;;;;;
1286;;;;;;;;;;;;;;;;;;;;;;;;;;;;;;;;;
1287;;;;;;;;;;;;;;;;;;;;;;;;;;;;;;;;;
1288;;;;;;;;;;;;;;;;;;;;;;;;;;;;;;;;;
1289;;;;;;;;;;;;;;;;;;;;;;;;;;;;;;;;;
1290;;;;;;-443,428;;;;;;;;;;;;;;;;;;;;;;;;;;;
1291;;;;;;;;;;;;;;;;;;;0;;;;;;;;;;;;;;
1292;;;;;;;;;;;;;;;;292,404;;;;;;;;;;;;;;;;;
1293;;;;;;;;;;;;;;-60,693;;;;;;;;;;;;;;;;;;;
1294;;;;;;;;;;;;;;;;;;;;;;;;;;;;;;;;7,87;
1295;;;;;;;;;;-368,821;;;;;;;;;;;;;;;;;;;;;;;
1296;;;;;;;;;;;;;;;;;;;;;;;;207,567;;;;;;;;;
1297;;;;;-576,388;;;;;;;;;;;;;;;;;;;;;;;;;;;;
1298;;;;;;;;;;;;;;;;;;;;;;;;;;;;;;0;;;
1299;;;;;;;;;;;;;;;;;;;;;;;0;;;;;;;;;;
1300;;;0;;;;;;;;;;;;;;;;;;;;;;;;;;;;;;
1301;;;;;;;;;;;;;;;;;;;;;;;;;;;;;;;;;
1302;;;;;;;;;;;;;;;;;;;;-955,092;;;;;;;;;;;;;
1303;;;;;;;;;;;403,236;;;;;;;;;;;;;;;;;;;;;;
1304;;;;;;;;;;;;;;;;;;0;;;;;;;;;;;;;;;
1305;;;;;;;;;;;;;;;;;;;;;;;;;;;;;;;;;0
1306;;;;;;;;;;;;;;;;;-50,162;;;;;;;;;;;;;;;;
1307;;;;;;;;;;;;;;;;;;;;;;;;;;;;;;;;;
1308;;;;;;;;;;;;;;;;;;;;;0;;;;;;;;;;;;
1309;;0;;;;;;;;;;;;;;;;;;;;;;;;;;;;;;;
1310;;;;;;;;;;;;;;;;;;;;;;;;;;;;;;;;;
1311;;;;;;;;;;;;;;;;;;;;;;;;;;;;;;;;;
1312;;;;;;;;;;;;;;;;;;;;;;;;;;;;;;;;;
1313;;;;;;;;;;;;;;;;;;;;;;;;;;;;;;;;;
1314;;;;;;-981,291;;;;;;;;;;;;;;;;;;;;;;;;;;;
1315;;;;;;;;;;;;;;;;;;;0;;;;;;;;;;;;;;
1316;;;;;;;;;;;;;;;;;;;;;;;;;;;;;;;;;
1317;;;;;;;;;;;;;;-177,716;;;;;;;;;;;;;;;;;;;
1318;;;;;;;;;;;;;;;;;;;;;;;;;;;;;;;;7,43;
1319;;;;;;;;;;-801,174;;;;;;;;;;;;;;;;;;;;;;;
1320;;;;;;;;;;;;;;;;;;;;;;;;615,221;;;;;;;;;
1321;;;;;;;;;;;;;;;;;;;;;;;;;;;;;;;;;
1322;;;;;;;;;;;;;;;;;;;;;;;;;;;;;;0;;;
1323;;;;;;;;;;;;;;;;;;;;;;;0;;;;;;;;;;
1324;;;0;;;;;;;;;;;;;;;;;;;;;;;;;;;;;;
1325;;;;;;;;;;;;;;;;;;;;;;;;;;;;;;;;;
1326;;;;;;;;;;;;;;;;;;;;-910,939;;;;;;;;;;;;;
1327;;;;;;;;;;;-197,098;;;;;;;;;;;;;;;;;;;;;;
1328;;;;;;;;;;;;;;;;;;0;;;;;;;;;;;;;;;
1329;;;;;;;;;;;;;;;;;;;;;;;;;;;;;;;;;0
1330;;;;;;;;;;;;;;;;;0;;;;;;;;;;;;;;;;
1331;;;;;;;;;;;;;;;;;;;;;;;;;;;;;;;;;
1332;;;;;;;;;;;;;;;;;;;;;0;;;;;;;;;;;;
1333;;0;;;;;;;;;;;;;;;;;;;;;;;;;;;;;;;
1334;;;;;;;;;;;;;;;;;;;;;;;;;;;;;;;;;
1335;;;;;;;;;;;;;;;;;;;;;;;;;;;;;;;;;
1336;;;;;;;;;;;;;;;;;;;;;;;;;;;;;;;;;
1337;;;;;;;;;;;;;;;;;;;;;;;;;;;;;;;;;
1338;;;;;;-352,498;;;;;;;;;;;;;;;;;;;;;;;;;;;
1339;;;;;;;;;;;;;;;;;;;0;;;;;;;;;;;;;;
1340;;;;;;;;;;;;;;;;425,245;;;;;;;;;;;;;;;;;
1341;;;;;;;;;;;;;;-37,874;;;;;;;;;;;;;;;;;;;
1342;;;;;;;;;;;;;;;;;;;;;;;;;;;;;;;;3,892;
1343;;;;;;;;;;-495,138;;;;;;;;;;;;;;;;;;;;;;;
1344;;;;;;;;;;;;;;;;;;;;;;;;185,364;;;;;;;;;
1345;;;;;-680,502;;;;;;;;;;;;;;;;;;;;;;;;;;;;
1346;;;;;;;;;;;;;;;;;;;;;;;;;;;;;;0;;;
1347;;;;;;;;;;;;;;;;;;;;;;;0;;;;;;;;;;
1348;;;0;;;;;;;;;;;;;;;;;;;;;;;;;;;;;;
1349;;;;;;;;;;;;;;;;;;;;;;;;;;;;;;;;;
1350;;;;;;;;;;;;;;;;;;;;-370,166;;;;;;;;;;;;;
1351;;;;;;;;;;;-462,3;;;;;;;;;;;;;;;;;;;;;;
1352;;;;;;;;;;;;;;;;;;0;;;;;;;;;;;;;;;
1353;;;;;;;;;;;;;;;;;;;;;;;;;;;;;;;;;0
1354;;;;;;;;;;;;;;;;;-49,296;;;;;;;;;;;;;;;;
1355;;;;;;;;;;;;;;;;;;;;;;;;;;;;;;;;;
1356;;;;;;;;;;;;;;;;;;;;;0;;;;;;;;;;;;
1357;;0;;;;;;;;;;;;;;;;;;;;;;;;;;;;;;;
1358;;;;;;;;;;;;;;;;;;;;;;;;;;;;;;;;;
1359;;;;;;;;;;;;;;;;;;;;;;;;;;;;;;;;;
1360;;;;;;;;;;;;;;;;;;;;;;;;;;;;;;;;;
1361;;;;;;;;;;;;;;;;;;;;;;;;;;;;;;;;;
1362;;;;;;-400,331;;;;;;;;;;;;;;;;;;;;;;;;;;;
1363;;;;;;;;;;;;;;;;;;;0;;;;;;;;;;;;;;
1364;;;;;;;;;;;;;;;;339,73;;;;;;;;;;;;;;;;;
1365;;;;;;;;;;;;;;-44,917;;;;;;;;;;;;;;;;;;;
1366;;;;;;;;;;;;;;;;;;;;;;;;;;;;;;;;97;
1367;;;;;;;;;;-268,989;;;;;;;;;;;;;;;;;;;;;;;
1368;;;;;;;;;;;;;;;;;;;;;;;;130,032;;;;;;;;;
1369;;;;;-399,021;;;;;;;;;;;;;;;;;;;;;;;;;;;;
1370;;;;;;;;;;;;;;;;;;;;;;;;;;;;;;0;;;
1371;;;;;;;;;;;;;;;;;;;;;;;0;;;;;;;;;;
1372;;;0;;;;;;;;;;;;;;;;;;;;;;;;;;;;;;
1373;;;;;;;;;;;;;;;;;;;;;;;;;;;;;;;;;
1374;;;;;;;;;;;;;;;;;;;;-630,949;;;;;;;;;;;;;
1375;;;;;;;;;;;114,066;;;;;;;;;;;;;;;;;;;;;;
1376;;;;;;;;;;;;;;;;;;0;;;;;;;;;;;;;;;
1377;;;;;;;;;;;;;;;;;;;;;;;;;;;;;;;;;0
1378;;;;;;;;;;;;;;;;;-758,399;;;;;;;;;;;;;;;;
1379;;;;;;;;;;;;;;;;;;;;;;;;;;;;;;;;;
1380;;;;;;;;;;;;;;;;;;;;;0;;;;;;;;;;;;
1381;;0;;;;;;;;;;;;;;;;;;;;;;;;;;;;;;;
1382;;;;;;;;;;;;;;;;;;;;;;10,617;;;;;;;;;;;
1383;0;;;;;;;;;;;;;;;;;;;;;;;;;;;;;;;;
1384;;;;;;;;;;;;;;;;;;;;;;;;;;;;10,617;;;;;
1385;;;;0;;;;;;;;;;;;;;;;;;;;;;;;;;;;;
1386;;;;;;-2,337;;;;;;;;;;;;;;;;;;;;;;;;;;;
1387;;;;;;;;;;;;;;;;;;;0;;;;;;;;;;;;;;
1388;;;;;;;;;;;;;;;;0;;;;;;;;;;;;;;;;;
1389;;;;;;;;;;;;;;-159;;;;;;;;;;;;;;;;;;;
1390;;;;;;;;;;;;;;;;;;;;;;;;;;;;;;;;0;
1391;;;;;;;;;;1,875;;;;;;;;;;;;;;;;;;;;;;;
1392;;;;;;;;;;;;;;;;;;;;;;;;1,875;;;;;;;;;
1393;;;;;0;;;;;;;;;;;;;;;;;;;;;;;;;;;;
1394;;;;;;;;;;;;;;;;;;;;;;;;;;;;;;0;;;
1395;;;;;;;;;;;;;;;;;;;;;;;0;;;;;;;;;;
1396;;;0;;;;;;;;;;;;;;;;;;;;;;;;;;;;;;
1397;;;;;;;;;;;;;;;;;;;;;;;;;;;9,996;;;;;;
1398;;;;;;;;;;;;;;;;;;;;-158;;;;;;;;;;;;;
1399;;;;;;;;;;;-70;;;;;;;;;;;;;;;;;;;;;;
1400;;;;;;;;;;;;;;;;;;0;;;;;;;;;;;;;;;
1401;;;;;;;;;;;;;;;;;;;;;;;;;;;;;;;;;0
1402;;;;;;;;;;;;;;;;;0;;;;;;;;;;;;;;;;
1403;;;;;;;;;;;;9,768;;;;;;;;;;;;;;;;;;;;;
